영화명,개봉일,날짜,관객수,누적관객,스크린수,상영횟수,순위
아바타: 불과 재,2025-12-17,2026-01-01,358005,4927543,1752,5425,1
주토피아 2,2025-11-26,2026-01-01,137413,7843118,986,2876,2
만약에 우리,2025-12-31,2026-01-01,100059,229195,893,2589,3
"오늘 밤, 세계에서 이 사랑이 사라진다 해도",2025-12-24,2026-01-01,53427,542445,743,1469,4
신의악단,2025-12-31,2026-01-01,29755,54387,464,699,5
스폰지밥 무비: 네모바지를 찾아서,2026-01-01,2026-01-01,25204,27568,505,642,6
극장판 짱구는 못말려: 초화려! 작열하는 떡잎마을 댄서즈,2025-12-24,2026-01-01,24913,352303,545,782,7
톰과 제리: 황금나침반 대소동,2026-01-01,2026-01-01,13003,13459,406,484,8
뽀로로 극장판 스위트캐슬 대모험,2025-12-11,2026-01-01,5608,221611,197,212,9
화양연화 특별판,2025-12-31,2026-01-01,5002,16281,157,172,10
아바타: 불과 재,2025-12-17,2026-01-02,168103,5095646,1715,5316,1
주토피아 2,2025-11-26,2026-01-02,65880,7908998,920,2696,2
만약에 우리,2025-12-31,2026-01-02,64445,293640,880,2659,3
"오늘 밤, 세계에서 이 사랑이 사라진다 해도",2025-12-24,2026-01-02,28817,571262,734,1492,4
신의악단,2025-12-31,2026-01-02,15711,70098,477,731,5
극장판 짱구는 못말려: 초화려! 작열하는 떡잎마을 댄서즈,2025-12-24,2026-01-02,11978,364281,537,724,6
스폰지밥 무비: 네모바지를 찾아서,2026-01-01,2026-01-02,7121,34689,459,556,7
에반게리온 신극장판: 파,2022-10-14,2026-01-02,3764,11784,40,50,8
톰과 제리: 황금나침반 대소동,2026-01-01,2026-01-02,3733,17192,349,399,9
뽀로로 극장판 스위트캐슬 대모험,2025-12-11,2026-01-02,3511,225122,189,203,10
아바타: 불과 재,2025-12-17,2026-01-03,260785,5356431,1761,5503,1
만약에 우리,2025-12-31,2026-01-03,100809,394449,913,2723,2
주토피아 2,2025-11-26,2026-01-03,98413,8007411,964,2892,3
"오늘 밤, 세계에서 이 사랑이 사라진다 해도",2025-12-24,2026-01-03,42443,613705,741,1449,4
신의악단,2025-12-31,2026-01-03,23232,93330,498,721,5
극장판 짱구는 못말려: 초화려! 작열하는 떡잎마을 댄서즈,2025-12-24,2026-01-03,20177,384458,536,749,6
스폰지밥 무비: 네모바지를 찾아서,2026-01-01,2026-01-03,12958,47647,497,611,7
톰과 제리: 황금나침반 대소동,2026-01-01,2026-01-03,5102,22294,350,397,8
뽀로로 극장판 스위트캐슬 대모험,2025-12-11,2026-01-03,4509,229631,212,230,9
화양연화 특별판,2025-12-31,2026-01-03,4153,23574,171,198,10
아바타: 불과 재,2025-12-17,2026-01-04,201728,5558159,1733,5189,1
만약에 우리,2025-12-31,2026-01-04,98665,493114,918,2654,2
주토피아 2,2025-11-26,2026-01-04,81230,8088641,950,2760,3
"오늘 밤, 세계에서 이 사랑이 사라진다 해도",2025-12-24,2026-01-04,43686,657391,732,1414,4
신의악단,2025-12-31,2026-01-04,21817,115147,500,728,5
극장판 짱구는 못말려: 초화려! 작열하는 떡잎마을 댄서즈,2025-12-24,2026-01-04,18578,403036,540,734,6
스폰지밥 무비: 네모바지를 찾아서,2026-01-01,2026-01-04,11913,59560,493,606,7
뽀로로 극장판 스위트캐슬 대모험,2025-12-11,2026-01-04,4325,233956,221,238,8
톰과 제리: 황금나침반 대소동,2026-01-01,2026-01-04,4197,26491,338,375,9
화양연화 특별판,2025-12-31,2026-01-04,3000,26574,160,176,10
아바타: 불과 재,2025-12-17,2026-01-05,58948,5617107,1588,4409,1
만약에 우리,2025-12-31,2026-01-05,47857,540971,826,2522,2
주토피아 2,2025-11-26,2026-01-05,23959,8112600,786,2250,3
"오늘 밤, 세계에서 이 사랑이 사라진다 해도",2025-12-24,2026-01-05,14558,671949,674,1353,4
신의악단,2025-12-31,2026-01-05,13325,128472,499,757,5
극장판 짱구는 못말려: 초화려! 작열하는 떡잎마을 댄서즈,2025-12-24,2026-01-05,5216,408252,440,581,6
송 썽 블루,2026-01-14,2026-01-05,4567,4567,19,19,7
스폰지밥 무비: 네모바지를 찾아서,2026-01-01,2026-01-05,2451,62011,355,405,8
뽀로로 극장판 스위트캐슬 대모험,2025-12-11,2026-01-05,1728,235684,168,177,9
화양연화 특별판,2025-12-31,2026-01-05,1720,28294,155,173,10
아바타: 불과 재,2025-12-17,2026-01-06,52067,5669174,1595,4380,1
만약에 우리,2025-12-31,2026-01-06,51980,592951,856,2584,2
주토피아 2,2025-11-26,2026-01-06,22717,8135317,801,2207,3
신의악단,2025-12-31,2026-01-06,14880,143352,522,800,4
"오늘 밤, 세계에서 이 사랑이 사라진다 해도",2025-12-24,2026-01-06,14325,686274,680,1338,5
극장판 짱구는 못말려: 초화려! 작열하는 떡잎마을 댄서즈,2025-12-24,2026-01-06,5792,414044,445,585,6
송 썽 블루,2026-01-14,2026-01-06,2632,7199,15,15,7
스폰지밥 무비: 네모바지를 찾아서,2026-01-01,2026-01-06,2439,64450,348,405,8
뽀로로 극장판 스위트캐슬 대모험,2025-12-11,2026-01-06,1900,237584,175,180,9
화양연화 특별판,2025-12-31,2026-01-06,1857,30151,157,175,10
만약에 우리,2025-12-31,2026-01-07,54918,647869,925,2759,1
아바타: 불과 재,2025-12-17,2026-01-07,46668,5715842,1518,3997,2
주토피아 2,2025-11-26,2026-01-07,22565,8157882,788,2070,3
"오늘 밤, 세계에서 이 사랑이 사라진다 해도",2025-12-24,2026-01-07,13453,699727,632,1161,4
신의악단,2025-12-31,2026-01-07,11929,155281,507,819,5
굿 포츈,2026-01-07,2026-01-07,6072,6472,353,496,6
극장판 짱구는 못말려: 초화려! 작열하는 떡잎마을 댄서즈,2025-12-24,2026-01-07,5146,419190,400,491,7
피렌체,2026-01-07,2026-01-07,3304,5317,198,239,8
마이 선샤인,2026-01-07,2026-01-07,3012,4084,244,312,9
파더 마더 시스터 브라더,2025-12-31,2026-01-07,2917,18234,95,101,10
만약에 우리,2025-12-31,2026-01-08,58278,706147,981,2910,1
아바타: 불과 재,2025-12-17,2026-01-08,47530,5763372,1507,3963,2
주토피아 2,2025-11-26,2026-01-08,22400,8180282,778,2057,3
신의악단,2025-12-31,2026-01-08,15293,170574,508,852,4
"오늘 밤, 세계에서 이 사랑이 사라진다 해도",2025-12-24,2026-01-08,13825,713552,641,1170,5
극장판 짱구는 못말려: 초화려! 작열하는 떡잎마을 댄서즈,2025-12-24,2026-01-08,5704,424894,424,520,6
굿 포츈,2026-01-07,2026-01-08,4322,10794,380,521,7
파더 마더 시스터 브라더,2025-12-31,2026-01-08,2510,20744,95,99,8
피렌체,2026-01-07,2026-01-08,2158,7475,179,213,9
프로젝트 Y,2026-01-21,2026-01-08,2153,2153,9,9,10
만약에 우리,2025-12-31,2026-01-09,72659,778806,1043,3332,1
아바타: 불과 재,2025-12-17,2026-01-09,58050,5821422,1511,4147,2
주토피아 2,2025-11-26,2026-01-09,25685,8205967,801,2110,3
신의악단,2025-12-31,2026-01-09,16892,187466,572,963,4
"오늘 밤, 세계에서 이 사랑이 사라진다 해도",2025-12-24,2026-01-09,16298,729850,658,1211,5
극장판 짱구는 못말려: 초화려! 작열하는 떡잎마을 댄서즈,2025-12-24,2026-01-09,5650,430544,421,523,6
굿 포츈,2026-01-07,2026-01-09,3700,14494,371,498,7
피렌체,2026-01-07,2026-01-09,2216,9691,173,202,8
스폰지밥 무비: 네모바지를 찾아서,2026-01-01,2026-01-09,2213,70455,274,301,9
파더 마더 시스터 브라더,2025-12-31,2026-01-09,1859,22603,84,90,10
아바타: 불과 재,2025-12-17,2026-01-10,135341,5956763,1486,4307,1
만약에 우리,2025-12-31,2026-01-10,134301,913107,1102,3887,2
주토피아 2,2025-11-26,2026-01-10,56076,8262043,828,2335,3
신의악단,2025-12-31,2026-01-10,34696,222162,613,1075,4
"오늘 밤, 세계에서 이 사랑이 사라진다 해도",2025-12-24,2026-01-10,24595,754445,611,1100,5
극장판 짱구는 못말려: 초화려! 작열하는 떡잎마을 댄서즈,2025-12-24,2026-01-10,10840,441384,434,550,6
스폰지밥 무비: 네모바지를 찾아서,2026-01-01,2026-01-10,4446,74901,321,362,7
스노우 폭스 : 마법의 돌을 찾아서,2026-01-10,2026-01-10,3605,3641,180,242,8
굿 포츈,2026-01-07,2026-01-10,3352,17846,331,434,9
하트맨,2026-01-14,2026-01-10,2605,4036,16,18,10
만약에 우리,2025-12-31,2026-01-11,133310,1046417,1107,3783,1
아바타: 불과 재,2025-12-17,2026-01-11,122869,6079632,1453,4052,2
주토피아 2,2025-11-26,2026-01-11,51881,8313924,819,2218,3
신의악단,2025-12-31,2026-01-11,38268,260430,631,1088,4
"오늘 밤, 세계에서 이 사랑이 사라진다 해도",2025-12-24,2026-01-11,24849,779294,620,1085,5
극장판 짱구는 못말려: 초화려! 작열하는 떡잎마을 댄서즈,2025-12-24,2026-01-11,11379,452763,434,545,6
스폰지밥 무비: 네모바지를 찾아서,2026-01-01,2026-01-11,4461,79362,316,340,7
스노우 폭스 : 마법의 돌을 찾아서,2026-01-10,2026-01-11,3504,7145,177,232,8
굿 포츈,2026-01-07,2026-01-11,2764,20610,317,395,9
뽀로로 극장판 스위트캐슬 대모험,2025-12-11,2026-01-11,2680,247845,163,173,10
만약에 우리,2025-12-31,2026-01-12,54601,1101018,944,3459,1
아바타: 불과 재,2025-12-17,2026-01-12,35410,6115042,1301,3319,2
신의악단,2025-12-31,2026-01-12,16112,276542,547,1086,3
주토피아 2,2025-11-26,2026-01-12,14719,8328643,664,1765,4
"오늘 밤, 세계에서 이 사랑이 사라진다 해도",2025-12-24,2026-01-12,8772,788066,562,1029,5
극장판 짱구는 못말려: 초화려! 작열하는 떡잎마을 댄서즈,2025-12-24,2026-01-12,3538,456301,346,424,6
굿 포츈,2026-01-07,2026-01-12,1543,22153,254,310,7
피렌체,2026-01-07,2026-01-12,1158,15354,162,179,8
파더 마더 시스터 브라더,2025-12-31,2026-01-12,1149,27131,89,93,9
시스터,2026-01-28,2026-01-12,1071,1071,4,5,10
만약에 우리,2025-12-31,2026-01-13,53830,1154848,968,3476,1
아바타: 불과 재,2025-12-17,2026-01-13,32821,6147863,1327,3298,2
신의악단,2025-12-31,2026-01-13,16048,292590,567,1102,3
주토피아 2,2025-11-26,2026-01-13,14879,8343522,682,1738,4
"오늘 밤, 세계에서 이 사랑이 사라진다 해도",2025-12-24,2026-01-13,8974,797040,585,1067,5
극장판 짱구는 못말려: 초화려! 작열하는 떡잎마을 댄서즈,2025-12-24,2026-01-13,3629,459930,364,441,6
굿 포츈,2026-01-07,2026-01-13,1873,24026,274,354,7
피렌체,2026-01-07,2026-01-13,1770,17124,175,203,8
뽀로로 극장판 스위트캐슬 대모험,2025-12-11,2026-01-13,1414,249736,95,99,9
스폰지밥 무비: 네모바지를 찾아서,2026-01-01,2026-01-13,1374,81767,187,199,10
만약에 우리,2025-12-31,2026-01-14,52687,1207535,964,3425,1
아바타: 불과 재,2025-12-17,2026-01-14,28380,6176243,1064,2391,2
하트맨,2026-01-14,2026-01-14,26685,33187,839,2941,3
"신비아파트 10주년 극장판: 한 번 더, 소환",2026-01-14,2026-01-14,23430,31235,597,1033,4
신의악단,2025-12-31,2026-01-14,12554,305144,524,970,5
주토피아 2,2025-11-26,2026-01-14,12275,8355797,647,1199,6
"오늘 밤, 세계에서 이 사랑이 사라진다 해도",2025-12-24,2026-01-14,5605,802645,379,575,7
더 퍼스트 슬램덩크,2023-01-04,2026-01-14,5290,4908867,57,147,8
끝이 없는 스칼렛,2026-01-14,2026-01-14,3762,3762,165,322,9
보이,2026-01-14,2026-01-14,2765,4166,145,193,10
만약에 우리,2025-12-31,2026-01-15,49896,1257431,984,3381,1
아바타: 불과 재,2025-12-17,2026-01-15,25551,6201794,1047,2324,2
하트맨,2026-01-14,2026-01-15,17810,50997,809,2641,3
신의악단,2025-12-31,2026-01-15,15898,321042,579,1060,4
"신비아파트 10주년 극장판: 한 번 더, 소환",2026-01-14,2026-01-15,14546,45781,709,1147,5
주토피아 2,2025-11-26,2026-01-15,11767,8367564,625,1166,6
"오늘 밤, 세계에서 이 사랑이 사라진다 해도",2025-12-24,2026-01-15,5237,807882,384,575,7
더 퍼스트 슬램덩크,2023-01-04,2026-01-15,2331,4911198,57,138,8
보이,2026-01-14,2026-01-15,2185,6351,144,182,9
극장판 짱구는 못말려: 초화려! 작열하는 떡잎마을 댄서즈,2025-12-24,2026-01-15,1894,463808,189,206,10
만약에 우리,2025-12-31,2026-01-16,61474,1318905,1026,3650,1
아바타: 불과 재,2025-12-17,2026-01-16,32556,6234350,1044,2448,2
하트맨,2026-01-14,2026-01-16,22013,73010,814,2700,3
신의악단,2025-12-31,2026-01-16,19528,340570,615,1207,4
주토피아 2,2025-11-26,2026-01-16,14118,8381682,664,1204,5
"신비아파트 10주년 극장판: 한 번 더, 소환",2026-01-14,2026-01-16,13466,59247,721,1205,6
"오늘 밤, 세계에서 이 사랑이 사라진다 해도",2025-12-24,2026-01-16,6030,813912,405,619,7
더 퍼스트 슬램덩크,2023-01-04,2026-01-16,2049,4913247,57,137,8
보이,2026-01-14,2026-01-16,1990,8341,134,167,9
극장판 짱구는 못말려: 초화려! 작열하는 떡잎마을 댄서즈,2025-12-24,2026-01-16,1724,465532,186,205,10
만약에 우리,2025-12-31,2026-01-17,133179,1452084,1116,4089,1
아바타: 불과 재,2025-12-17,2026-01-17,77508,6311858,1048,2584,2
"신비아파트 10주년 극장판: 한 번 더, 소환",2026-01-14,2026-01-17,52370,111617,868,1746,3
하트맨,2026-01-14,2026-01-17,46295,119305,820,2709,4
신의악단,2025-12-31,2026-01-17,45981,386551,734,1450,5
주토피아 2,2025-11-26,2026-01-17,30637,8412319,728,1394,6
"오늘 밤, 세계에서 이 사랑이 사라진다 해도",2025-12-24,2026-01-17,11103,825015,407,647,7
고고다이노 극장판: 곤충세계 대모험,2026-01-14,2026-01-17,6976,13237,240,343,8
극장판 짱구는 못말려: 초화려! 작열하는 떡잎마을 댄서즈,2025-12-24,2026-01-17,3960,469492,213,238,9
더 퍼스트 슬램덩크,2023-01-04,2026-01-17,2741,4915988,57,133,10
만약에 우리,2025-12-31,2026-01-18,121751,1573835,1084,3878,1
아바타: 불과 재,2025-12-17,2026-01-18,66975,6378833,1036,2467,2
신의악단,2025-12-31,2026-01-18,49330,435881,740,1406,3
"신비아파트 10주년 극장판: 한 번 더, 소환",2026-01-14,2026-01-18,48428,160045,857,1725,4
하트맨,2026-01-14,2026-01-18,38886,158191,808,2507,5
주토피아 2,2025-11-26,2026-01-18,28204,8440523,735,1333,6
"오늘 밤, 세계에서 이 사랑이 사라진다 해도",2025-12-24,2026-01-18,10668,835683,401,618,7
고고다이노 극장판: 곤충세계 대모험,2026-01-14,2026-01-18,7574,20811,255,345,8
극장판 짱구는 못말려: 초화려! 작열하는 떡잎마을 댄서즈,2025-12-24,2026-01-18,3689,473181,211,230,9
더 퍼스트 슬램덩크,2023-01-04,2026-01-18,2487,4918475,58,125,10
만약에 우리,2025-12-31,2026-01-19,48031,1621866,986,3567,1
신의악단,2025-12-31,2026-01-19,24177,460058,605,1373,2
아바타: 불과 재,2025-12-17,2026-01-19,19814,6398647,959,2095,3
하트맨,2026-01-14,2026-01-19,11729,169920,683,2026,4
주토피아 2,2025-11-26,2026-01-19,7820,8448343,575,1075,5
"신비아파트 10주년 극장판: 한 번 더, 소환",2026-01-14,2026-01-19,7198,167243,569,1073,6
"오늘 밤, 세계에서 이 사랑이 사라진다 해도",2025-12-24,2026-01-19,3717,839400,363,574,7
슈가,2026-01-21,2026-01-19,2084,2302,10,10,8
극장판 짱구는 못말려: 초화려! 작열하는 떡잎마을 댄서즈,2025-12-24,2026-01-19,1410,474591,167,192,9
더 퍼스트 슬램덩크,2023-01-04,2026-01-19,1061,4919536,58,127,10
만약에 우리,2025-12-31,2026-01-20,43769,1665635,1006,3581,1
신의악단,2025-12-31,2026-01-20,24077,484135,644,1454,2
아바타: 불과 재,2025-12-17,2026-01-20,18196,6416843,956,2071,3
하트맨,2026-01-14,2026-01-20,12143,182063,675,2016,4
주토피아 2,2025-11-26,2026-01-20,8350,8456693,580,1047,5
"신비아파트 10주년 극장판: 한 번 더, 소환",2026-01-14,2026-01-20,6960,174203,581,1051,6
"오늘 밤, 세계에서 이 사랑이 사라진다 해도",2025-12-24,2026-01-20,3811,843211,368,579,7
극장판 짱구는 못말려: 초화려! 작열하는 떡잎마을 댄서즈,2025-12-24,2026-01-20,1542,476133,175,201,8
보이,2026-01-14,2026-01-20,1526,12783,122,143,9
더 퍼스트 슬램덩크,2023-01-04,2026-01-20,1300,4920836,58,125,10
만약에 우리,2025-12-31,2026-01-21,41618,1707253,886,3171,1
프로젝트 Y,2026-01-21,2026-01-21,24398,26551,781,2785,2
신의악단,2025-12-31,2026-01-21,18809,502944,618,1194,3
아바타: 불과 재,2025-12-17,2026-01-21,16497,6433340,711,1585,4
천공의 성 라퓨타,2004-04-30,2026-01-21,14433,36402,431,727,5
주토피아 2,2025-11-26,2026-01-21,6749,8463442,449,674,6
하트맨,2026-01-14,2026-01-21,6346,188409,539,1021,7
731,2026-01-21,2026-01-21,6084,6084,314,492,8
"신비아파트 10주년 극장판: 한 번 더, 소환",2026-01-14,2026-01-21,5290,179493,501,791,9
반지의 제왕 : 왕의 귀환,2003-12-17,2026-01-21,4569,731630,12,43,10
만약에 우리,2025-12-31,2026-01-22,39480,1746733,932,3194,1
신의악단,2025-12-31,2026-01-22,25198,528142,717,1371,2
아바타: 불과 재,2025-12-17,2026-01-22,15860,6449200,717,1574,3
프로젝트 Y,2026-01-21,2026-01-22,14435,40986,760,2447,4
주토피아 2,2025-11-26,2026-01-22,6811,8470253,451,665,5
하트맨,2026-01-14,2026-01-22,6195,194604,534,972,6
"신비아파트 10주년 극장판: 한 번 더, 소환",2026-01-14,2026-01-22,5841,185334,511,793,7
천공의 성 라퓨타,2004-04-30,2026-01-22,5209,41611,419,661,8
731,2026-01-21,2026-01-22,4088,10172,312,448,9
시라트,2026-01-21,2026-01-22,3003,9385,191,233,10
만약에 우리,2025-12-31,2026-01-23,49885,1796618,987,3448,1
신의악단,2025-12-31,2026-01-23,26432,554574,753,1565,2
아바타: 불과 재,2025-12-17,2026-01-23,20690,6469890,715,1694,3
프로젝트 Y,2026-01-21,2026-01-23,14716,55702,742,2413,4
주토피아 2,2025-11-26,2026-01-23,9073,8479326,486,736,5
하트맨,2026-01-14,2026-01-23,6409,201013,550,1011,6
"신비아파트 10주년 극장판: 한 번 더, 소환",2026-01-14,2026-01-23,6179,191513,518,816,7
천공의 성 라퓨타,2004-04-30,2026-01-23,4841,46452,413,637,8
에반게리온 신극장판: Q,2022-10-14,2026-01-23,4555,11533,54,88,9
시라트,2026-01-21,2026-01-23,4100,13485,188,247,10
만약에 우리,2025-12-31,2026-01-24,108141,1904759,1047,3929,1
신의악단,2025-12-31,2026-01-24,57760,612334,811,1989,2
아바타: 불과 재,2025-12-17,2026-01-24,50122,6520012,772,1822,3
"신비아파트 10주년 극장판: 한 번 더, 소환",2026-01-14,2026-01-24,25729,217242,683,1340,4
프로젝트 Y,2026-01-21,2026-01-24,24718,80420,800,2268,5
주토피아 2,2025-11-26,2026-01-24,20176,8499502,581,928,6
하트맨,2026-01-14,2026-01-24,14353,215366,613,1027,7
천공의 성 라퓨타,2004-04-30,2026-01-24,11062,57514,416,608,8
시라트,2026-01-21,2026-01-24,5061,18546,195,248,9
고고다이노 극장판: 곤충세계 대모험,2026-01-14,2026-01-24,4935,28570,210,297,10
만약에 우리,2025-12-31,2026-01-25,96261,2001020,1065,3766,1
신의악단,2025-12-31,2026-01-25,71119,683453,907,1979,2
아바타: 불과 재,2025-12-17,2026-01-25,44828,6564840,754,1731,3
"신비아파트 10주년 극장판: 한 번 더, 소환",2026-01-14,2026-01-25,27907,245149,707,1321,4
프로젝트 Y,2026-01-21,2026-01-25,21462,101882,774,2080,5
주토피아 2,2025-11-26,2026-01-25,20513,8520015,594,907,6
하트맨,2026-01-14,2026-01-25,12955,228321,599,962,7
천공의 성 라퓨타,2004-04-30,2026-01-25,8268,65782,406,567,8
고고다이노 극장판: 곤충세계 대모험,2026-01-14,2026-01-25,5204,33774,214,288,9
이터널 선샤인,2005-11-10,2026-01-25,4673,571306,113,165,10
만약에 우리,2025-12-31,2026-01-26,33426,2034446,917,3302,1
신의악단,2025-12-31,2026-01-26,24253,707706,660,1739,2
아바타: 불과 재,2025-12-17,2026-01-26,13127,6577967,682,1534,3
프로젝트 Y,2026-01-21,2026-01-26,7220,109102,635,1656,4
주토피아 2,2025-11-26,2026-01-26,5435,8525450,453,670,5
"신비아파트 10주년 극장판: 한 번 더, 소환",2026-01-14,2026-01-26,3685,248834,415,596,6
천공의 성 라퓨타,2004-04-30,2026-01-26,3338,69120,386,556,7
하트맨,2026-01-14,2026-01-26,3270,231591,451,750,8
시라트,2026-01-21,2026-01-26,2583,25518,188,236,9
이터널 선샤인,2005-11-10,2026-01-26,2108,573414,95,167,10
만약에 우리,2025-12-31,2026-01-27,31908,2066354,926,3325,1
신의악단,2025-12-31,2026-01-27,24067,731773,678,1766,2
아바타: 불과 재,2025-12-17,2026-01-27,12618,6590585,687,1515,3
프로젝트 Y,2026-01-21,2026-01-27,7363,116465,656,1660,4
왕과 사는 남자,2026-02-04,2026-01-27,5943,15958,29,29,5
주토피아 2,2025-11-26,2026-01-27,5821,8531271,470,690,6
"신비아파트 10주년 극장판: 한 번 더, 소환",2026-01-14,2026-01-27,4061,252895,449,659,7
하트맨,2026-01-14,2026-01-27,3568,235159,456,748,8
천공의 성 라퓨타,2004-04-30,2026-01-27,3513,72633,394,579,9
시라트,2026-01-21,2026-01-27,2904,28422,185,239,10
만약에 우리,2025-12-31,2026-01-28,47906,2114260,890,2916,1
신의악단,2025-12-31,2026-01-28,29563,761336,684,1590,2
직장상사 길들이기,2026-01-28,2026-01-28,13400,14966,654,1547,3
아바타: 불과 재,2025-12-17,2026-01-28,13207,6603792,602,1083,4
시스터,2026-01-28,2026-01-28,11182,12648,650,1555,5
하우스메이드,2026-01-28,2026-01-28,9297,11710,533,915,6
프라이메이트,2026-01-28,2026-01-28,7922,9389,502,911,7
"오늘 밤, 세계에서 이 사랑이 사라진다 해도",2022-11-30,2026-01-28,6393,1223598,143,178,8
천공의 성 라퓨타,2004-04-30,2026-01-28,5748,78381,168,217,9
극장판 총집편 걸즈 밴드 크라이 청춘광주곡,2026-01-28,2026-01-28,5344,5846,130,245,10
만약에 우리,2025-12-31,2026-01-29,28847,2143107,817,2807,1
신의악단,2025-12-31,2026-01-29,24710,786046,630,1571,2
아바타: 불과 재,2025-12-17,2026-01-29,9420,6613212,569,1044,3
직장상사 길들이기,2026-01-28,2026-01-29,6419,21385,603,1352,4
하우스메이드,2026-01-28,2026-01-29,6330,18040,508,891,5
시스터,2026-01-28,2026-01-29,5535,18183,576,1312,6
프라이메이트,2026-01-28,2026-01-29,4927,14316,460,830,7
"오늘 밤, 세계에서 이 사랑이 사라진다 해도",2022-11-30,2026-01-29,4180,1227778,155,212,8
주토피아 2,2025-11-26,2026-01-29,3435,8539190,303,362,9
"신비아파트 10주년 극장판: 한 번 더, 소환",2026-01-14,2026-01-29,3306,259546,294,362,10
만약에 우리,2025-12-31,2026-01-30,36845,2179952,864,3057,1
신의악단,2025-12-31,2026-01-30,24438,810484,656,1712,2
아바타: 불과 재,2025-12-17,2026-01-30,12419,6625631,591,1132,3
직장상사 길들이기,2026-01-28,2026-01-30,7725,29110,614,1423,4
하우스메이드,2026-01-28,2026-01-30,7059,25099,529,943,5
시스터,2026-01-28,2026-01-30,5735,23918,587,1298,6
프라이메이트,2026-01-28,2026-01-30,4862,19178,453,809,7
주토피아 2,2025-11-26,2026-01-30,4096,8543286,323,392,8
"오늘 밤, 세계에서 이 사랑이 사라진다 해도",2022-11-30,2026-01-30,3463,1231241,163,241,9
"신비아파트 10주년 극장판: 한 번 더, 소환",2026-01-14,2026-01-30,3462,263008,330,417,10
만약에 우리,2025-12-31,2026-01-31,78952,2258904,939,3463,1
신의악단,2025-12-31,2026-01-31,58132,868616,806,2210,2
아바타: 불과 재,2025-12-17,2026-01-31,29770,6655401,628,1286,3
직장상사 길들이기,2026-01-28,2026-01-31,15291,44401,661,1412,4
"신비아파트 10주년 극장판: 한 번 더, 소환",2026-01-14,2026-01-31,15180,278188,508,772,5
주토피아 2,2025-11-26,2026-01-31,12943,8556229,479,687,6
하우스메이드,2026-01-28,2026-01-31,12160,37259,540,1003,7
시스터,2026-01-28,2026-01-31,11488,35406,601,1307,8
천공의 성 라퓨타,2004-04-30,2026-01-31,8808,91585,174,218,9
"오늘 밤, 세계에서 이 사랑이 사라진다 해도",2022-11-30,2026-01-31,7359,1238600,175,282,10
신의악단,2025-12-31,2026-02-01,65768,934384,893,2139,1
만약에 우리,2025-12-31,2026-02-01,63941,2322845,923,3249,2
아바타: 불과 재,2025-12-17,2026-02-01,24485,6679886,614,1215,3
"신비아파트 10주년 극장판: 한 번 더, 소환",2026-01-14,2026-02-01,16242,294430,515,770,4
주토피아 2,2025-11-26,2026-02-01,11991,8568220,487,668,5
직장상사 길들이기,2026-01-28,2026-02-01,11250,55651,641,1267,6
시스터,2026-01-28,2026-02-01,9640,45046,586,1206,7
하우스메이드,2026-01-28,2026-02-01,9199,46458,540,925,8
"오늘 밤, 세계에서 이 사랑이 사라진다 해도",2022-11-30,2026-02-01,8325,1246925,167,276,9
정글비트 2,2026-01-29,2026-02-01,4359,12813,309,353,10
만약에 우리,2025-12-31,2026-02-02,24356,2347201,821,2824,1
신의악단,2025-12-31,2026-02-02,22340,956724,668,1864,2
아바타: 불과 재,2025-12-17,2026-02-02,7396,6687282,539,1027,3
시스터,2026-01-28,2026-02-02,4976,50022,499,996,4
하우스메이드,2026-01-28,2026-02-02,4477,50935,478,882,5
직장상사 길들이기,2026-01-28,2026-02-02,4116,59767,553,1041,6
"오늘 밤, 세계에서 이 사랑이 사라진다 해도",2022-11-30,2026-02-02,2952,1249877,157,277,7
주토피아 2,2025-11-26,2026-02-02,2719,8570939,303,385,8
프라이메이트,2026-01-28,2026-02-02,2292,31637,374,538,9
"신비아파트 10주년 극장판: 한 번 더, 소환",2026-01-14,2026-02-02,2155,296585,282,349,10
만약에 우리,2025-12-31,2026-02-03,23039,2370240,830,2819,1
신의악단,2025-12-31,2026-02-03,22713,979437,699,1901,2
아바타: 불과 재,2025-12-17,2026-02-03,8043,6695325,558,1044,3
시스터,2026-01-28,2026-02-03,7643,57665,538,1061,4
하우스메이드,2026-01-28,2026-02-03,4573,55508,491,866,5
직장상사 길들이기,2026-01-28,2026-02-03,3676,63443,552,996,6
넘버원,2026-02-11,2026-02-03,3516,4218,17,17,7
주토피아 2,2025-11-26,2026-02-03,3306,8574245,321,413,8
프라이메이트,2026-01-28,2026-02-03,3057,34694,378,544,9
"오늘 밤, 세계에서 이 사랑이 사라진다 해도",2022-11-30,2026-02-03,2922,1252799,162,278,10
왕과 사는 남자,2026-02-04,2026-02-04,117783,147538,1658,6932,1
만약에 우리,2025-12-31,2026-02-04,16140,2386380,633,1577,2
"2024.12.03 그날 조작된 내란, 감춰진 진실",2026-02-04,2026-02-04,16132,19832,145,229,3
신의악단,2025-12-31,2026-02-04,15039,994476,607,1253,4
노 머시: 90분,2026-02-04,2026-02-04,10152,17430,538,1413,5
아이엠스타!X프리파라 더 무비 -만남의 기적!-,2026-02-04,2026-02-04,7064,7064,118,160,6
휴민트,2026-02-11,2026-02-04,4087,5089,16,17,7
아바타: 불과 재,2025-12-17,2026-02-04,3142,6698467,304,377,8
스트레이 키즈 : 더 도미네이트 익스피리언스,2026-02-04,2026-02-04,3029,3029,103,184,9
"오늘 밤, 세계에서 이 사랑이 사라진다 해도",2022-11-30,2026-02-04,1925,1254724,96,145,10
왕과 사는 남자,2026-02-04,2026-02-05,91731,239269,1612,6723,1
"2024.12.03 그날 조작된 내란, 감춰진 진실",2026-02-04,2026-02-05,20036,39868,229,346,2
신의악단,2025-12-31,2026-02-05,17621,1012097,623,1312,3
만약에 우리,2025-12-31,2026-02-05,15556,2401936,652,1551,4
노 머시: 90분,2026-02-04,2026-02-05,7421,24851,565,1353,5
넘버원,2026-02-11,2026-02-05,5574,11396,26,26,6
아이엠스타!X프리파라 더 무비 -만남의 기적!-,2026-02-04,2026-02-05,3994,11058,115,154,7
아바타: 불과 재,2025-12-17,2026-02-05,3160,6701627,294,366,8
극장판 총집편 걸즈 밴드 크라이 청춘광주곡,2026-01-28,2026-02-05,2499,14097,72,84,9
"오늘 밤, 세계에서 이 사랑이 사라진다 해도",2022-11-30,2026-02-05,1867,1256591,98,149,10
왕과 사는 남자,2026-02-04,2026-02-06,126625,365894,1653,7152,1
"2024.12.03 그날 조작된 내란, 감춰진 진실",2026-02-04,2026-02-06,21207,61075,295,473,2
만약에 우리,2025-12-31,2026-02-06,18795,2420731,685,1679,3
신의악단,2025-12-31,2026-02-06,17564,1029661,671,1408,4
노 머시: 90분,2026-02-04,2026-02-06,9002,33853,573,1318,5
아바타: 불과 재,2025-12-17,2026-02-06,4784,6706411,316,391,6
아이엠스타!X프리파라 더 무비 -만남의 기적!-,2026-02-04,2026-02-06,3431,14489,108,153,7
"오늘 밤, 세계에서 이 사랑이 사라진다 해도",2022-11-30,2026-02-06,1936,1258527,103,152,8
하우스메이드,2026-01-28,2026-02-06,1825,60214,218,272,9
주토피아 2,2025-11-26,2026-02-06,1731,8578897,133,150,10
왕과 사는 남자,2026-02-04,2026-02-07,327112,693006,1717,7714,1
신의악단,2025-12-31,2026-02-07,36204,1065865,731,1550,2
만약에 우리,2025-12-31,2026-02-07,33549,2454280,718,1621,3
"2024.12.03 그날 조작된 내란, 감춰진 진실",2026-02-04,2026-02-07,30812,91887,403,718,4
노 머시: 90분,2026-02-04,2026-02-07,15000,48853,595,1164,5
극장판 엉덩이 탐정: 스타 앤드 문,2026-02-07,2026-02-07,10039,10581,247,492,6
아바타: 불과 재,2025-12-17,2026-02-07,9541,6715952,312,381,7
"신비아파트 10주년 극장판: 한 번 더, 소환",2026-01-14,2026-02-07,7377,310770,309,376,8
휴민트,2026-02-11,2026-02-07,5752,10841,20,21,9
주토피아 2,2025-11-26,2026-02-07,5258,8584155,223,255,10
왕과 사는 남자,2026-02-04,2026-02-08,308083,1001089,1724,7292,1
신의악단,2025-12-31,2026-02-08,50022,1115887,775,1490,2
만약에 우리,2025-12-31,2026-02-08,30125,2484405,718,1545,3
"2024.12.03 그날 조작된 내란, 감춰진 진실",2026-02-04,2026-02-08,28593,120480,419,760,4
노 머시: 90분,2026-02-04,2026-02-08,11996,60849,572,1078,5
극장판 엉덩이 탐정: 스타 앤드 문,2026-02-07,2026-02-08,10111,20692,254,479,6
아바타: 불과 재,2025-12-17,2026-02-08,8440,6724392,294,359,7
"신비아파트 10주년 극장판: 한 번 더, 소환",2026-01-14,2026-02-08,8313,319083,318,372,8
주토피아 2,2025-11-26,2026-02-08,5485,8589640,220,249,9
스트레이 키즈 : 더 도미네이트 익스피리언스,2026-02-04,2026-02-08,4961,12707,102,172,10
왕과 사는 남자,2026-02-04,2026-02-09,98379,1099468,1530,6494,1
신의악단,2025-12-31,2026-02-09,13546,1129433,595,1299,2
만약에 우리,2025-12-31,2026-02-09,12057,2496462,647,1470,3
"2024.12.03 그날 조작된 내란, 감춰진 진실",2026-02-04,2026-02-09,11513,131993,405,785,4
노 머시: 90분,2026-02-04,2026-02-09,5531,66380,511,947,5
아바타: 불과 재,2025-12-17,2026-02-09,2942,6727334,284,347,6
넘버원,2026-02-11,2026-02-09,2001,20089,13,13,7
시스터,2026-01-28,2026-02-09,1639,67780,172,197,8
"오늘 밤, 세계에서 이 사랑이 사라진다 해도",2022-11-30,2026-02-09,1400,1266896,98,137,9
하우스메이드,2026-01-28,2026-02-09,1359,65225,186,216,10
왕과 사는 남자,2026-02-04,2026-02-10,95582,1195050,1536,6557,1
신의악단,2025-12-31,2026-02-10,13519,1142952,597,1295,2
만약에 우리,2025-12-31,2026-02-10,11804,2508266,646,1462,3
"2024.12.03 그날 조작된 내란, 감춰진 진실",2026-02-04,2026-02-10,10705,142698,411,793,4
노 머시: 90분,2026-02-04,2026-02-10,6689,73069,540,989,5
아바타: 불과 재,2025-12-17,2026-02-10,3692,6731026,296,361,6
하우스메이드,2026-01-28,2026-02-10,2104,67329,194,232,7
"오늘 밤, 세계에서 이 사랑이 사라진다 해도",2022-11-30,2026-02-10,1664,1268560,93,132,8
주토피아 2,2025-11-26,2026-02-10,1413,8592191,109,124,9
시스터,2026-01-28,2026-02-10,1296,69076,147,168,10
휴민트,2026-02-11,2026-02-11,116740,131625,1520,6291,1
왕과 사는 남자,2026-02-04,2026-02-11,86924,1281974,1150,4203,2
넘버원,2026-02-11,2026-02-11,17231,37320,647,1723,3
폭풍의 언덕,2026-02-11,2026-02-11,10479,12000,428,816,4
신의악단,2025-12-31,2026-02-11,7920,1150872,426,597,5
"2024.12.03 그날 조작된 내란, 감춰진 진실",2026-02-04,2026-02-11,6863,149561,347,559,6
만약에 우리,2025-12-31,2026-02-11,6256,2514522,376,536,7
아이엠스타!X프리파라 더 무비 -만남의 기적!-,2026-02-04,2026-02-11,6239,28984,95,117,8
스트레이 키즈 : 더 도미네이트 익스피리언스,2026-02-04,2026-02-11,2770,16881,39,63,9
노 머시: 90분,2026-02-04,2026-02-11,2157,75226,158,189,10
왕과 사는 남자,2026-02-04,2026-02-12,83916,1365890,1206,4331,1
휴민트,2026-02-11,2026-02-12,81183,212808,1494,6079,2
넘버원,2026-02-11,2026-02-12,13932,51252,643,1629,3
신의악단,2025-12-31,2026-02-12,8661,1159533,428,613,4
폭풍의 언덕,2026-02-11,2026-02-12,6778,18778,423,759,5
"2024.12.03 그날 조작된 내란, 감춰진 진실",2026-02-04,2026-02-12,6751,156312,354,549,6
만약에 우리,2025-12-31,2026-02-12,6189,2520711,371,529,7
아이엠스타!X프리파라 더 무비 -만남의 기적!-,2026-02-04,2026-02-12,3390,32374,83,109,8
노 머시: 90분,2026-02-04,2026-02-12,2802,78028,155,188,9
바다 탐험대 옥토넛 어보브 앤 비욘드 : 육지생물 구조작전,2026-02-12,2026-02-12,1463,3259,141,169,10
왕과 사는 남자,2026-02-04,2026-02-13,133573,1499463,1420,5369,1
휴민트,2026-02-11,2026-02-13,91891,304699,1405,5809,2
넘버원,2026-02-11,2026-02-13,13978,65230,630,1590,3
신의악단,2025-12-31,2026-02-13,8978,1168511,418,590,4
만약에 우리,2025-12-31,2026-02-13,8177,2528888,376,517,5
폭풍의 언덕,2026-02-11,2026-02-13,5885,24663,403,692,6
"2024.12.03 그날 조작된 내란, 감춰진 진실",2026-02-04,2026-02-13,5467,161779,317,504,7
신 에반게리온 극장판,2022-10-05,2026-02-13,4747,34457,46,71,8
노 머시: 90분,2026-02-04,2026-02-13,3047,81075,152,180,9
아이엠스타!X프리파라 더 무비 -만남의 기적!-,2026-02-04,2026-02-13,2894,35268,76,108,10
왕과 사는 남자,2026-02-04,2026-02-14,357886,1857349,1729,6851,1
휴민트,2026-02-11,2026-02-14,194546,499245,1375,5819,2
넘버원,2026-02-11,2026-02-14,25550,90780,635,1318,3
신의악단,2025-12-31,2026-02-14,17415,1185926,436,602,4
만약에 우리,2025-12-31,2026-02-14,10620,2539508,353,469,5
"2024.12.03 그날 조작된 내란, 감춰진 진실",2026-02-04,2026-02-14,6702,168481,258,344,6
폭풍의 언덕,2026-02-11,2026-02-14,6450,31113,374,513,7
극장판 엉덩이 탐정: 스타 앤드 문,2026-02-07,2026-02-14,6012,32287,230,346,8
바다 탐험대 옥토넛 어보브 앤 비욘드 : 육지생물 구조작전,2026-02-12,2026-02-14,3618,7684,227,300,9
노 머시: 90분,2026-02-04,2026-02-14,3209,84284,158,174,10
왕과 사는 남자,2026-02-04,2026-02-15,465254,2322603,1836,7248,1
휴민트,2026-02-11,2026-02-15,204552,703797,1356,5601,2
넘버원,2026-02-11,2026-02-15,26374,117154,652,1325,3
신의악단,2025-12-31,2026-02-15,18816,1204742,420,567,4
만약에 우리,2025-12-31,2026-02-15,9449,2548957,370,478,5
"2024.12.03 그날 조작된 내란, 감춰진 진실",2026-02-04,2026-02-15,6781,175262,249,319,6
극장판 엉덩이 탐정: 스타 앤드 문,2026-02-07,2026-02-15,5253,37540,232,353,7
폭풍의 언덕,2026-02-11,2026-02-15,4804,35917,360,482,8
노 머시: 90분,2026-02-04,2026-02-15,3724,88008,141,161,9
바다 탐험대 옥토넛 어보브 앤 비욘드 : 육지생물 구조작전,2026-02-12,2026-02-15,3523,11207,219,297,10
왕과 사는 남자,2026-02-04,2026-02-16,537175,2859778,1899,7804,1
휴민트,2026-02-11,2026-02-16,182655,886452,1290,5280,2
신의악단,2025-12-31,2026-02-16,30221,1234963,434,623,3
넘버원,2026-02-11,2026-02-16,22493,139647,645,1131,4
"2024.12.03 그날 조작된 내란, 감춰진 진실",2026-02-04,2026-02-16,7568,182830,231,286,5
만약에 우리,2025-12-31,2026-02-16,7451,2556408,337,471,6
극장판 엉덩이 탐정: 스타 앤드 문,2026-02-07,2026-02-16,4503,42043,226,353,7
폭풍의 언덕,2026-02-11,2026-02-16,4022,39939,351,444,8
바다 탐험대 옥토넛 어보브 앤 비욘드 : 육지생물 구조작전,2026-02-12,2026-02-16,3602,14809,224,298,9
노 머시: 90분,2026-02-04,2026-02-16,2913,90921,130,148,10
왕과 사는 남자,2026-02-04,2026-02-17,661439,3521217,2010,8341,1
휴민트,2026-02-11,2026-02-17,213403,1099855,1225,4909,2
신의악단,2025-12-31,2026-02-17,33635,1268598,462,694,3
넘버원,2026-02-11,2026-02-17,21897,161544,605,1062,4
"2024.12.03 그날 조작된 내란, 감춰진 진실",2026-02-04,2026-02-17,7197,190027,205,239,5
만약에 우리,2025-12-31,2026-02-17,7021,2563429,319,432,6
폭풍의 언덕,2026-02-11,2026-02-17,4354,44293,330,411,7
극장판 엉덩이 탐정: 스타 앤드 문,2026-02-07,2026-02-17,4237,46280,208,312,8
노 머시: 90분,2026-02-04,2026-02-17,2702,93623,131,143,9
주토피아 2,2025-11-26,2026-02-17,2570,8604180,94,103,10
왕과 사는 남자,2026-02-04,2026-02-18,653634,4174851,2017,8045,1
휴민트,2026-02-11,2026-02-18,184951,1284806,1188,4360,2
신의악단,2025-12-31,2026-02-18,30600,1299198,492,692,3
넘버원,2026-02-11,2026-02-18,26301,187845,609,970,4
귀신 부르는 앱: 영,2026-02-18,2026-02-18,18263,18903,176,357,5
점보,2026-02-18,2026-02-18,12648,14169,355,453,6
만약에 우리,2025-12-31,2026-02-18,8477,2571906,288,374,7
"2024.12.03 그날 조작된 내란, 감춰진 진실",2026-02-04,2026-02-18,8450,198477,178,214,8
아이엠스타!X프리파라 더 무비 -만남의 기적!-,2026-02-04,2026-02-18,7831,50217,74,96,9
바다 탐험대 옥토넛 어보브 앤 비욘드 : 육지생물 구조작전,2026-02-12,2026-02-18,4101,21127,195,241,10
왕과 사는 남자,2026-02-04,2026-02-19,239783,4414634,1607,6521,1
휴민트,2026-02-11,2026-02-19,54834,1339640,1116,4036,2
넘버원,2026-02-11,2026-02-19,10762,198607,574,983,3
귀신 부르는 앱: 영,2026-02-18,2026-02-19,9175,28078,189,384,4
신의악단,2025-12-31,2026-02-19,8480,1307678,433,629,5
아이엠스타!X프리파라 더 무비 -만남의 기적!-,2026-02-04,2026-02-19,5533,55750,71,91,6
만약에 우리,2025-12-31,2026-02-19,4486,2576392,292,411,7
노 머시: 90분,2026-02-04,2026-02-19,3661,98458,60,70,8
"2024.12.03 그날 조작된 내란, 감춰진 진실",2026-02-04,2026-02-19,2969,201446,203,263,9
센티멘탈 밸류,2026-02-18,2026-02-19,2546,10113,188,221,10
왕과 사는 남자,2026-02-04,2026-02-20,264713,4679347,1771,7277,1
휴민트,2026-02-11,2026-02-20,51305,1390945,1089,3982,2
넘버원,2026-02-11,2026-02-20,9033,207640,593,988,3
귀신 부르는 앱: 영,2026-02-18,2026-02-20,8195,36273,190,380,4
신의악단,2025-12-31,2026-02-20,8017,1315695,457,684,5
만약에 우리,2025-12-31,2026-02-20,4384,2580776,304,418,6
센티멘탈 밸류,2026-02-18,2026-02-20,3416,13529,192,230,7
아이엠스타!X프리파라 더 무비 -만남의 기적!-,2026-02-04,2026-02-20,3408,59158,75,102,8
점보,2026-02-18,2026-02-20,3263,19902,312,352,9
"2024.12.03 그날 조작된 내란, 감춰진 진실",2026-02-04,2026-02-20,2102,203548,192,251,10
왕과 사는 남자,2026-02-04,2026-02-21,581160,5260507,2106,9006,1
휴민트,2026-02-11,2026-02-21,100054,1490999,1048,3624,2
넘버원,2026-02-11,2026-02-21,15757,223397,549,798,3
신의악단,2025-12-31,2026-02-21,14064,1329759,508,780,4
귀신 부르는 앱: 영,2026-02-18,2026-02-21,12759,49032,178,352,5
점보,2026-02-18,2026-02-21,9260,29162,370,479,6
만약에 우리,2025-12-31,2026-02-21,5053,2585829,244,302,7
센티멘탈 밸류,2026-02-18,2026-02-21,3769,17298,190,209,8
폭풍의 언덕,2026-02-11,2026-02-21,2307,53788,155,177,9
모노노케 히메,2003-04-25,2026-02-21,2289,198845,33,42,10
왕과 사는 남자,2026-02-04,2026-02-22,568288,5828795,2142,8689,1
휴민트,2026-02-11,2026-02-22,88007,1579006,1026,3381,2
신의악단,2025-12-31,2026-02-22,18886,1348645,524,752,3
넘버원,2026-02-11,2026-02-22,16015,239412,548,792,4
귀신 부르는 앱: 영,2026-02-18,2026-02-22,11391,60423,187,346,5
점보,2026-02-18,2026-02-22,9807,38969,371,477,6
만약에 우리,2025-12-31,2026-02-22,4116,2589945,240,291,7
센티멘탈 밸류,2026-02-18,2026-02-22,3541,20839,180,200,8
모노노케 히메,2003-04-25,2026-02-22,2234,201079,31,39,9
"2024.12.03 그날 조작된 내란, 감춰진 진실",2026-02-04,2026-02-22,2136,207669,149,173,10
왕과 사는 남자,2026-02-04,2026-02-23,195470,6024265,1756,7273,1
휴민트,2026-02-11,2026-02-23,32115,1611121,921,3101,2
넘버원,2026-02-11,2026-02-23,5276,244688,496,762,3
신의악단,2025-12-31,2026-02-23,4667,1353312,417,631,4
귀신 부르는 앱: 영,2026-02-18,2026-02-23,4474,64897,182,346,5
점보,2026-02-18,2026-02-23,2584,41553,281,306,6
만약에 우리,2025-12-31,2026-02-23,2328,2592273,257,350,7
센티멘탈 밸류,2026-02-18,2026-02-23,1915,22754,179,207,8
판결,2026-02-25,2026-02-23,1259,4001,7,7,9
너자 2,2026-02-25,2026-02-23,1160,3203,9,9,10
왕과 사는 남자,2026-02-04,2026-02-24,194636,6218901,1778,7331,1
휴민트,2026-02-11,2026-02-24,26624,1637745,936,3086,2
넘버원,2026-02-11,2026-02-24,5091,249779,502,763,3
신의악단,2025-12-31,2026-02-24,4914,1358226,416,632,4
귀신 부르는 앱: 영,2026-02-18,2026-02-24,4590,69487,181,340,5
점보,2026-02-18,2026-02-24,3553,45106,291,321,6
센티멘탈 밸류,2026-02-18,2026-02-24,2400,25154,197,225,7
만약에 우리,2025-12-31,2026-02-24,2187,2594460,249,341,8
매드 댄스 오피스,2026-03-04,2026-02-24,1542,1966,7,8,9
폭풍의 언덕,2026-02-11,2026-02-24,1324,57770,170,196,10
왕과 사는 남자,2026-02-04,2026-02-25,309572,6528473,1937,7497,1
휴민트,2026-02-11,2026-02-25,37892,1675637,855,2399,2
초속 5센티미터,2026-02-25,2026-02-25,17947,19020,568,1257,3
너자 2,2026-02-25,2026-02-25,6936,10139,277,584,4
햄넷,2026-02-25,2026-02-25,5633,11121,381,495,5
신의악단,2025-12-31,2026-02-25,4905,1363131,355,464,6
넘버원,2026-02-11,2026-02-25,4103,253882,291,364,7
귀신 부르는 앱: 영,2026-02-18,2026-02-25,3747,73234,188,252,8
센티멘탈 밸류,2026-02-18,2026-02-25,3558,28712,104,122,9
아이엠스타!X프리파라 더 무비 -만남의 기적!-,2026-02-04,2026-02-25,2509,66932,58,77,10
왕과 사는 남자,2026-02-04,2026-02-26,204929,6733402,1803,7335,1
휴민트,2026-02-11,2026-02-26,21909,1697546,786,2269,2
초속 5센티미터,2026-02-25,2026-02-26,9236,28256,515,1143,3
너자 2,2026-02-25,2026-02-26,5841,15980,263,565,4
신의악단,2025-12-31,2026-02-26,4584,1367715,363,464,5
넘버원,2026-02-11,2026-02-26,3929,257811,288,366,6
귀신 부르는 앱: 영,2026-02-18,2026-02-26,3460,76694,180,244,7
슬라이드 스트럼 뮤트,2026-02-26,2026-02-26,3119,3899,117,126,8
햄넷,2026-02-25,2026-02-26,3031,14152,352,457,9
센티멘탈 밸류,2026-02-18,2026-02-26,2130,30842,97,107,10
왕과 사는 남자,2026-02-04,2026-02-27,278059,7011461,1932,8039,1
휴민트,2026-02-11,2026-02-27,22005,1719551,739,2014,2
초속 5센티미터,2026-02-25,2026-02-27,9061,37317,518,1015,3
28년 후: 뼈의 사원,2026-02-27,2026-02-27,6209,6401,467,807,4
신의악단,2025-12-31,2026-02-27,4206,1371921,345,421,5
너자 2,2026-02-25,2026-02-27,3638,19618,256,464,6
넘버원,2026-02-11,2026-02-27,3395,261206,269,321,7
엔하이픈 [워크 더 라인 썸머 에디션] 인 시네마,2026-02-27,2026-02-27,2897,2897,61,117,8
귀신 부르는 앱: 영,2026-02-18,2026-02-27,2795,79489,163,220,9
햄넷,2026-02-25,2026-02-27,2752,16904,329,420,10
왕과 사는 남자,2026-02-04,2026-02-28,655719,7667180,2165,9758,1
휴민트,2026-02-11,2026-02-28,47959,1767510,816,2018,2
초속 5센티미터,2026-02-25,2026-02-28,12239,49556,542,949,3
신의악단,2025-12-31,2026-02-28,9281,1381202,376,474,4
너자 2,2026-02-25,2026-02-28,7981,27599,260,476,5
28년 후: 뼈의 사원,2026-02-27,2026-02-28,7664,14065,417,689,6
슬라이드 스트럼 뮤트,2026-02-26,2026-02-28,4770,9942,120,166,7
햄넷,2026-02-25,2026-02-28,4566,21470,326,407,8
귀신 부르는 앱: 영,2026-02-18,2026-02-28,4296,83785,152,202,9
넘버원,2026-02-11,2026-02-28,3401,264607,209,267,10
왕과 사는 남자,2026-02-04,2026-03-01,817182,8484362,2170,9709,1
휴민트,2026-02-11,2026-03-01,54656,1822166,784,1786,2
호퍼스,2026-03-04,2026-03-01,22185,22996,536,1172,3
신의악단,2025-12-31,2026-03-01,10536,1391738,327,376,4
초속 5센티미터,2026-02-25,2026-03-01,10031,59587,503,777,5
28년 후: 뼈의 사원,2026-02-27,2026-03-01,7500,21565,417,619,6
너자 2,2026-02-25,2026-03-01,7249,34848,242,398,7
햄넷,2026-02-25,2026-03-01,4346,25816,309,354,8
넘버원,2026-02-11,2026-03-01,4180,268787,185,223,9
귀신 부르는 앱: 영,2026-02-18,2026-03-01,3921,87706,136,177,10
왕과 사는 남자,2026-02-04,2026-03-02,728915,9213277,2150,9321,1
휴민트,2026-02-11,2026-03-02,41504,1863670,754,1622,2
호퍼스,2026-03-04,2026-03-02,29415,52411,538,1174,3
신의악단,2025-12-31,2026-03-02,11210,1402948,287,337,4
초속 5센티미터,2026-02-25,2026-03-02,8164,67751,488,721,5
너자 2,2026-02-25,2026-03-02,6934,41782,231,378,6
28년 후: 뼈의 사원,2026-02-27,2026-03-02,4978,26543,365,514,7
햄넷,2026-02-25,2026-03-02,4622,30438,292,339,8
넘버원,2026-02-11,2026-03-02,3950,272737,173,207,9
귀신 부르는 앱: 영,2026-02-18,2026-03-02,3325,91031,133,168,10
왕과 사는 남자,2026-02-04,2026-03-03,194476,9407753,1800,7489,1
휴민트,2026-02-11,2026-03-03,10756,1874426,659,1647,2
초속 5센티미터,2026-02-25,2026-03-03,3542,71293,444,748,3
28년 후: 뼈의 사원,2026-02-27,2026-03-03,2632,29175,379,564,4
신의악단,2025-12-31,2026-03-03,2242,1405190,295,369,5
햄넷,2026-02-25,2026-03-03,2231,32669,302,390,6
넘버원,2026-02-11,2026-03-03,2035,274772,191,235,7
너자 2,2026-02-25,2026-03-03,1840,43622,203,331,8
센티멘탈 밸류,2026-02-18,2026-03-03,1101,42895,101,110,9
아르코,2026-03-11,2026-03-03,1043,2665,8,8,10
왕과 사는 남자,2026-02-04,2026-03-04,189637,9597390,1633,6464,1
호퍼스,2026-03-04,2026-03-04,17155,69566,788,2320,2
브라이드!,2026-03-04,2026-03-04,7478,7746,399,676,3
휴민트,2026-02-11,2026-03-04,6837,1881263,549,932,4
매드 댄스 오피스,2026-03-04,2026-03-04,5420,8350,484,885,5
우리는 매일매일,2026-03-04,2026-03-04,2523,3130,142,168,6
너자 2,2026-02-25,2026-03-04,2512,46134,107,139,7
다이 마이 러브,2026-03-04,2026-03-04,2164,2164,115,212,8
햄넷,2026-02-25,2026-03-04,1979,34648,164,196,9
아이엠스타!X프리파라 더 무비 -만남의 기적!-,2026-02-04,2026-03-04,1754,75777,53,62,10
왕과 사는 남자,2026-02-04,2026-03-05,180529,9777919,1697,6654,1
호퍼스,2026-03-04,2026-03-05,11795,81361,747,2041,2
휴민트,2026-02-11,2026-03-05,7105,1888368,542,934,3
매드 댄스 오피스,2026-03-04,2026-03-05,3839,12189,470,815,4
브라이드!,2026-03-04,2026-03-05,3357,11103,370,600,5
너자 2,2026-02-25,2026-03-05,2388,48522,110,135,6
신의악단,2025-12-31,2026-03-05,1938,1408721,183,209,7
우리는 매일매일,2026-03-04,2026-03-05,1887,5017,125,150,8
햄넷,2026-02-25,2026-03-05,1758,36406,175,202,9
다이 마이 러브,2026-03-04,2026-03-05,1519,3683,112,186,10
왕과 사는 남자,2026-02-04,2026-03-06,271738,10049657,1881,7684,1
호퍼스,2026-03-04,2026-03-06,20799,102160,827,2311,2
휴민트,2026-02-11,2026-03-06,9905,1898273,582,1011,3
매드 댄스 오피스,2026-03-04,2026-03-06,3915,16104,476,783,4
브라이드!,2026-03-04,2026-03-06,2957,14060,357,591,5
우리는 매일매일,2026-03-04,2026-03-06,2546,7563,134,162,6
햄넷,2026-02-25,2026-03-06,2337,38743,172,195,7
너자 2,2026-02-25,2026-03-06,1861,50383,110,131,8
신의악단,2025-12-31,2026-03-06,1658,1410379,175,199,9
센티멘탈 밸류,2026-02-18,2026-03-06,1498,46149,87,100,10
왕과 사는 남자,2026-02-04,2026-03-07,754519,10804176,2171,9535,1
호퍼스,2026-03-04,2026-03-07,107039,209199,1011,3247,2
휴민트,2026-02-11,2026-03-07,18428,1916701,519,896,3
매드 댄스 오피스,2026-03-04,2026-03-07,5971,22075,456,602,4
신의악단,2025-12-31,2026-03-07,4538,1414917,167,195,5
햄넷,2026-02-25,2026-03-07,3076,41819,149,161,6
브라이드!,2026-03-04,2026-03-07,3040,17100,337,439,7
넘버원,2026-02-11,2026-03-07,2940,278409,65,74,8
너자 2,2026-02-25,2026-03-07,2894,53277,98,113,9
초속 5센티미터,2026-02-25,2026-03-07,2637,77609,189,214,10
왕과 사는 남자,2026-02-04,2026-03-08,699459,11503635,2187,9211,1
호퍼스,2026-03-04,2026-03-08,105977,315176,1013,3157,2
휴민트,2026-02-11,2026-03-08,15497,1932198,515,836,3
신의악단,2025-12-31,2026-03-08,5719,1420636,168,189,4
매드 댄스 오피스,2026-03-04,2026-03-08,4898,26973,428,547,5
너자 2,2026-02-25,2026-03-08,3831,57108,102,115,6
햄넷,2026-02-25,2026-03-08,2823,44642,145,159,7
초속 5센티미터,2026-02-25,2026-03-08,2531,80140,194,219,8
굿 윌 헌팅,1998-03-21,2026-03-08,2480,55957,89,104,9
브라이드!,2026-03-04,2026-03-08,2225,19325,297,380,10
왕과 사는 남자,2026-02-04,2026-03-09,203138,11706773,1816,7356,1
호퍼스,2026-03-04,2026-03-09,11332,326508,690,1835,2
휴민트,2026-02-11,2026-03-09,5633,1937831,509,865,3
매드 댄스 오피스,2026-03-04,2026-03-09,2025,28998,368,488,4
초속 5센티미터,2026-02-25,2026-03-09,1793,81933,202,236,5
햄넷,2026-02-25,2026-03-09,1450,46092,153,178,6
브라이드!,2026-03-04,2026-03-09,1286,20611,277,366,7
신의악단,2025-12-31,2026-03-09,1245,1421881,163,188,8
투어스 브이알 콘서트 : 러쉬로드,2026-03-04,2026-03-09,1165,6830,1,8,9
센티멘탈 밸류,2026-02-18,2026-03-09,979,51402,74,86,10
왕과 사는 남자,2026-02-04,2026-03-10,177177,11883950,1860,7464,1
호퍼스,2026-03-04,2026-03-10,10263,336771,692,1786,2
휴민트,2026-02-11,2026-03-10,5358,1943189,515,869,3
매드 댄스 오피스,2026-03-04,2026-03-10,4297,33295,423,597,4
초속 5센티미터,2026-02-25,2026-03-10,2738,84671,221,267,5
브라이드!,2026-03-04,2026-03-10,1844,22455,299,405,6
신의악단,2025-12-31,2026-03-10,1676,1423557,178,198,7
햄넷,2026-02-25,2026-03-10,1493,47585,163,193,8
우리에게는 아직 내일이 있다,2026-03-04,2026-03-10,1183,9319,84,104,9
우리는 매일매일,2026-03-04,2026-03-10,1030,11794,101,116,10
왕과 사는 남자,2026-02-04,2026-03-11,171419,12055369,1934,7926,1
호퍼스,2026-03-04,2026-03-11,11605,348376,659,1588,2
삼악도,2026-03-11,2026-03-11,11184,11999,225,819,3
F1 더 무비,2025-06-25,2026-03-11,6406,5221391,164,541,4
휴민트,2026-02-11,2026-03-11,4150,1947339,434,649,5
오만과 편견,2006-03-24,2026-03-11,2865,887914,151,303,6
아르코,2026-03-11,2026-03-11,2528,9162,233,285,7
매드 댄스 오피스,2026-03-04,2026-03-11,2088,35383,252,299,8
너자 2,2026-02-25,2026-03-11,1533,59179,67,77,9
초속 5센티미터,2026-02-25,2026-03-11,1355,86026,106,125,10
왕과 사는 남자,2026-02-04,2026-03-12,158644,12214013,1955,7839,1
호퍼스,2026-03-04,2026-03-12,9567,357943,649,1467,2
삼악도,2026-03-11,2026-03-12,7228,19227,235,742,3
F1 더 무비,2025-06-25,2026-03-12,5337,5226728,163,530,4
휴민트,2026-02-11,2026-03-12,3955,1951294,433,643,5
매드 댄스 오피스,2026-03-04,2026-03-12,2220,37603,248,299,6
오만과 편견,2006-03-24,2026-03-12,2057,889971,159,311,7
아르코,2026-03-11,2026-03-12,1451,10613,222,263,8
신의악단,2025-12-31,2026-03-12,1029,1425465,119,145,9
초속 5센티미터,2026-02-25,2026-03-12,1014,87040,97,110,10
왕과 사는 남자,2026-02-04,2026-03-13,221367,12435380,2036,8880,1
호퍼스,2026-03-04,2026-03-13,17445,375388,673,1773,2
삼악도,2026-03-11,2026-03-13,8864,28091,225,747,3
F1 더 무비,2025-06-25,2026-03-13,6977,5233705,159,415,4
휴민트,2026-02-11,2026-03-13,4308,1955602,435,655,5
극장판 진격의 거인 완결편 더 라스트 어택,2025-03-13,2026-03-13,4225,954489,16,52,6
오만과 편견,2006-03-24,2026-03-13,2466,892437,148,294,7
매드 댄스 오피스,2026-03-04,2026-03-13,2012,39615,254,294,8
메소드연기,2026-03-18,2026-03-13,1866,2229,6,7,9
신의악단,2025-12-31,2026-03-13,1337,1426802,118,140,10
왕과 사는 남자,2026-02-04,2026-03-14,554177,12989557,2262,10416,1
호퍼스,2026-03-04,2026-03-14,79884,455272,918,2815,2
삼악도,2026-03-11,2026-03-14,15934,44025,226,666,3
F1 더 무비,2025-06-25,2026-03-14,14269,5247974,166,398,4
휴민트,2026-02-11,2026-03-14,6640,1962242,361,521,5
극장판 진격의 거인 완결편 더 라스트 어택,2025-03-13,2026-03-14,3637,958126,16,41,6
오만과 편견,2006-03-24,2026-03-14,3026,895463,177,278,7
센티멘탈 밸류,2026-02-18,2026-03-14,2268,57767,71,81,8
매드 댄스 오피스,2026-03-04,2026-03-14,1905,41520,184,220,9
신의악단,2025-12-31,2026-03-14,1775,1428577,104,119,10
왕과 사는 남자,2026-02-04,2026-03-15,478133,13467690,2223,9908,1
호퍼스,2026-03-04,2026-03-15,75888,531160,931,2731,2
삼악도,2026-03-11,2026-03-15,13360,57385,221,639,3
F1 더 무비,2025-06-25,2026-03-15,13235,5261209,168,382,4
휴민트,2026-02-11,2026-03-15,5359,1967601,350,495,5
신의악단,2025-12-31,2026-03-15,3596,1432173,113,128,6
극장판 진격의 거인 완결편 더 라스트 어택,2025-03-13,2026-03-15,2819,960945,16,38,7
오만과 편견,2006-03-24,2026-03-15,2649,898112,174,254,8
스페셜즈,2026-03-13,2026-03-15,2032,3673,38,46,9
센티멘탈 밸류,2026-02-18,2026-03-15,1940,59707,60,73,10
왕과 사는 남자,2026-02-04,2026-03-16,133935,13601625,1946,8102,1
호퍼스,2026-03-04,2026-03-16,8186,539346,598,1436,2
삼악도,2026-03-11,2026-03-16,3743,61128,228,638,3
휴민트,2026-02-11,2026-03-16,3285,1970886,429,670,4
오만과 편견,2006-03-24,2026-03-16,1410,899522,144,301,5
매드 댄스 오피스,2026-03-04,2026-03-16,1220,44530,206,257,6
햄넷,2026-02-25,2026-03-16,1015,55081,82,91,7
투어스 브이알 콘서트 : 러쉬로드,2026-03-04,2026-03-16,958,14225,1,8,8
센티멘탈 밸류,2026-02-18,2026-03-16,858,60565,58,70,9
신의악단,2025-12-31,2026-03-16,851,1433024,123,140,10
왕과 사는 남자,2026-02-04,2026-03-17,120443,13722068,1969,8121,1
호퍼스,2026-03-04,2026-03-17,8474,547820,625,1452,2
삼악도,2026-03-11,2026-03-17,4555,65683,232,628,3
휴민트,2026-02-11,2026-03-17,3371,1974257,423,668,4
오만과 편견,2006-03-24,2026-03-17,1270,900792,144,287,5
신의악단,2025-12-31,2026-03-17,1159,1434183,132,153,6
햄넷,2026-02-25,2026-03-17,1150,56231,80,97,7
센티멘탈 밸류,2026-02-18,2026-03-17,1051,61616,70,81,8
아르코,2026-03-11,2026-03-17,990,15533,176,199,9
매드 댄스 오피스,2026-03-04,2026-03-17,899,45429,199,237,10
왕과 사는 남자,2026-02-04,2026-03-18,124102,13846170,1533,6026,1
프로젝트 헤일메리,2026-03-18,2026-03-18,76003,78054,1331,4086,2
메소드연기,2026-03-18,2026-03-18,8268,11856,519,779,3
호퍼스,2026-03-04,2026-03-18,5207,553027,426,594,4
폭탄,2026-03-18,2026-03-18,3783,5155,175,312,5
삼악도,2026-03-11,2026-03-18,2485,68168,190,253,6
케이온,2013-06-13,2026-03-18,1595,31597,50,58,7
녹나무의 파수꾼,2026-03-18,2026-03-18,1548,1548,305,469,8
쇼생크 탈출,1995-02-04,2026-03-18,1168,58777,52,65,9
"파리, 텍사스",1987-08-29,2026-03-18,1019,8940,29,29,10
왕과 사는 남자,2026-02-04,2026-03-19,107184,13953354,1563,6045,1
프로젝트 헤일메리,2026-03-18,2026-03-19,53227,131281,1321,3977,2
메소드연기,2026-03-18,2026-03-19,6991,18847,513,761,3
호퍼스,2026-03-04,2026-03-19,4621,557648,422,606,4
폭탄,2026-03-18,2026-03-19,3194,8349,176,312,5
삼악도,2026-03-11,2026-03-19,2543,70711,182,254,6
오만과 편견,2006-03-24,2026-03-19,1285,902878,82,120,7
녹나무의 파수꾼,2026-03-18,2026-03-19,1120,2668,270,389,8
투어스 브이알 콘서트 : 러쉬로드,2026-03-04,2026-03-19,851,16719,1,8,9
쇼생크 탈출,1995-02-04,2026-03-19,814,59591,55,67,10
왕과 사는 남자,2026-02-04,2026-03-20,147734,14101088,1607,6633,1
프로젝트 헤일메리,2026-03-18,2026-03-20,79303,210584,1337,4166,2
호퍼스,2026-03-04,2026-03-20,8278,565926,482,734,3
극장판 진격의 거인 완결편 더 라스트 어택,2025-03-13,2026-03-20,6712,969475,60,130,4
메소드연기,2026-03-18,2026-03-20,6511,25358,514,731,5
삼악도,2026-03-11,2026-03-20,3011,73722,196,286,6
폭탄,2026-03-18,2026-03-20,2918,11267,185,309,7
오만과 편견,2006-03-24,2026-03-20,1290,904168,90,131,8
녹나무의 파수꾼,2026-03-18,2026-03-20,1044,3712,281,381,9
쇼생크 탈출,1995-02-04,2026-03-20,987,60578,52,68,10
왕과 사는 남자,2026-02-04,2026-03-21,346538,14447626,1725,7465,1
프로젝트 헤일메리,2026-03-18,2026-03-21,190040,400624,1325,4284,2
호퍼스,2026-03-04,2026-03-21,40650,606576,726,1594,3
극장판 진격의 거인 완결편 더 라스트 어택,2025-03-13,2026-03-21,10157,979632,60,139,4
메소드연기,2026-03-18,2026-03-21,9772,35130,482,670,5
삼악도,2026-03-11,2026-03-21,4403,78125,181,254,6
폭탄,2026-03-18,2026-03-21,3707,14974,170,269,7
명탐정 코난: 세기말의 마술사,2026-03-27,2026-03-21,2186,2186,13,15,8
녹나무의 파수꾼,2026-03-18,2026-03-21,1979,5691,265,307,9
쇼생크 탈출,1995-02-04,2026-03-21,1394,61972,55,60,10
왕과 사는 남자,2026-02-04,2026-03-22,309383,14757009,1714,7133,1
프로젝트 헤일메리,2026-03-18,2026-03-22,160739,561363,1332,4089,2
호퍼스,2026-03-04,2026-03-22,39852,646428,724,1563,3
극장판 진격의 거인 완결편 더 라스트 어택,2025-03-13,2026-03-22,9782,989414,60,141,4
메소드연기,2026-03-18,2026-03-22,8592,43722,482,645,5
삼악도,2026-03-11,2026-03-22,4432,82557,185,250,6
폭탄,2026-03-18,2026-03-22,3640,18614,175,258,7
쇼생크 탈출,1995-02-04,2026-03-22,2579,64551,56,60,8
신의악단,2025-12-31,2026-03-22,2112,1438794,56,60,9
녹나무의 파수꾼,2026-03-18,2026-03-22,1908,7599,252,285,10
왕과 사는 남자,2026-02-04,2026-03-23,85889,14842898,1516,6055,1
프로젝트 헤일메리,2026-03-18,2026-03-23,42609,603972,1237,3567,2
호퍼스,2026-03-04,2026-03-23,3858,650286,413,595,3
메소드연기,2026-03-18,2026-03-23,2773,46495,414,575,4
극장판 진격의 거인 완결편 더 라스트 어택,2025-03-13,2026-03-23,2411,991825,58,133,5
삼악도,2026-03-11,2026-03-23,1076,83633,160,209,6
폭탄,2026-03-18,2026-03-23,895,19509,160,240,7
투어스 브이알 콘서트 : 러쉬로드,2026-03-04,2026-03-23,610,20813,1,8,8
오만과 편견,2006-03-24,2026-03-23,535,906766,80,119,9
녹나무의 파수꾼,2026-03-18,2026-03-23,534,8133,208,243,10
왕과 사는 남자,2026-02-04,2026-03-24,78589,14921487,1550,6041,1
프로젝트 헤일메리,2026-03-18,2026-03-24,40107,644079,1273,3591,2
호퍼스,2026-03-04,2026-03-24,4279,654565,422,601,3
메소드연기,2026-03-18,2026-03-24,3392,49887,430,582,4
살목지,2026-04-08,2026-03-24,2784,2784,13,15,5
극장판 진격의 거인 완결편 더 라스트 어택,2025-03-13,2026-03-24,2166,993991,58,133,6
삼악도,2026-03-11,2026-03-24,1008,84641,155,206,7
폭탄,2026-03-18,2026-03-24,876,20385,152,229,8
휴민트,2026-02-11,2026-03-24,748,1979498,112,120,9
오만과 편견,2006-03-24,2026-03-24,618,907384,75,110,10
왕과 사는 남자,2026-02-04,2026-03-25,110068,15031555,1661,6242,1
프로젝트 헤일메리,2026-03-18,2026-03-25,73500,717579,1333,3544,2
극장판 귀멸의 칼날: 무한성편,2025-08-22,2026-03-25,7303,5708262,24,61,3
극장판 진격의 거인 완결편 더 라스트 어택,2025-03-13,2026-03-25,5956,999947,182,329,4
호퍼스,2026-03-04,2026-03-25,5780,660345,401,504,5
프로텍터,2026-03-25,2026-03-25,5409,5623,413,595,6
첨밀밀 ,1997-03-01,2026-03-25,4006,6992,125,356,7
라이프 오브 파이,2013-01-01,2026-03-25,3065,1650062,58,126,8
메소드연기,2026-03-18,2026-03-25,2057,51944,232,289,9
연지구 디 오리지널 4K,2026-03-25,2026-03-25,1402,2718,130,175,10
왕과 사는 남자,2026-02-04,2026-03-26,72421,15103976,1560,5989,1
프로젝트 헤일메리,2026-03-18,2026-03-26,41233,758812,1290,3513,2
극장판 귀멸의 칼날: 무한성편,2025-08-22,2026-03-26,4450,5712712,24,60,3
프로텍터,2026-03-25,2026-03-26,3925,9548,374,522,4
호퍼스,2026-03-04,2026-03-26,3316,663661,369,469,5
극장판 진격의 거인 완결편 더 라스트 어택,2025-03-13,2026-03-26,2561,1002508,169,302,6
첨밀밀 ,1997-03-01,2026-03-26,1819,8811,121,349,7
폭탄,2026-03-18,2026-03-26,1433,23192,132,184,8
메소드연기,2026-03-18,2026-03-26,1339,53283,211,255,9
삼악도,2026-03-11,2026-03-26,1073,86600,120,166,10
왕과 사는 남자,2026-02-04,2026-03-27,98161,15202137,1554,6349,1
프로젝트 헤일메리,2026-03-18,2026-03-27,71435,830247,1301,3690,2
명탐정 코난: 세기말의 마술사,2026-03-27,2026-03-27,17357,20822,238,727,3
극장판 귀멸의 칼날: 무한성편,2025-08-22,2026-03-27,6359,5719071,24,77,4
호퍼스,2026-03-04,2026-03-27,5265,668926,384,499,5
극장판 진격의 거인 완결편 더 라스트 어택,2025-03-13,2026-03-27,3594,1006102,163,305,6
프로텍터,2026-03-25,2026-03-27,3012,12560,355,463,7
첨밀밀 ,1997-03-01,2026-03-27,2283,11094,126,354,8
메소드연기,2026-03-18,2026-03-27,1893,55176,203,258,9
연지구 디 오리지널 4K,2026-03-25,2026-03-27,1375,4730,120,145,10
왕과 사는 남자,2026-02-04,2026-03-28,225287,15427424,1583,6890,1
프로젝트 헤일메리,2026-03-18,2026-03-28,173558,1003805,1350,4109,2
호퍼스,2026-03-04,2026-03-28,19928,688854,583,1016,3
명탐정 코난: 세기말의 마술사,2026-03-27,2026-03-28,17249,38071,252,621,4
극장판 귀멸의 칼날: 무한성편,2025-08-22,2026-03-28,7564,5726635,25,51,5
극장판 진격의 거인 완결편 더 라스트 어택,2025-03-13,2026-03-28,7200,1013302,169,269,6
펫 트레인,2026-03-28,2026-03-28,6012,6212,182,324,7
프로텍터,2026-03-25,2026-03-28,3419,15979,334,427,8
뮤지컬 장수탕 선녀님,2026-03-26,2026-03-28,2622,4905,134,197,9
살목지,2026-04-08,2026-03-28,2524,5458,80,80,10
왕과 사는 남자,2026-02-04,2026-03-29,188432,15615856,1578,6530,1
프로젝트 헤일메리,2026-03-18,2026-03-29,146841,1150646,1344,3919,2
호퍼스,2026-03-04,2026-03-29,19231,708085,572,996,3
명탐정 코난: 세기말의 마술사,2026-03-27,2026-03-29,13861,51932,252,589,4
극장판 귀멸의 칼날: 무한성편,2025-08-22,2026-03-29,8945,5735580,25,68,5
극장판 진격의 거인 완결편 더 라스트 어택,2025-03-13,2026-03-29,6052,1019354,161,264,6
펫 트레인,2026-03-28,2026-03-29,5547,11759,184,310,7
뮤지컬 장수탕 선녀님,2026-03-26,2026-03-29,3027,7932,153,211,8
프로텍터,2026-03-25,2026-03-29,2929,18908,321,404,9
살목지,2026-04-08,2026-03-29,2445,7903,80,80,10
왕과 사는 남자,2026-02-04,2026-03-30,60583,15676439,1451,5578,1
프로젝트 헤일메리,2026-03-18,2026-03-30,42581,1193227,1271,3430,2
명탐정 코난: 세기말의 마술사,2026-03-27,2026-03-30,3715,55647,204,485,3
살목지,2026-04-08,2026-03-30,2515,10418,10,10,4
극장판 귀멸의 칼날: 무한성편,2025-08-22,2026-03-30,2209,5737789,23,76,5
호퍼스,2026-03-04,2026-03-30,2159,710244,301,394,6
프로텍터,2026-03-25,2026-03-30,1609,20517,302,373,7
극장판 진격의 거인 완결편 더 라스트 어택,2025-03-13,2026-03-30,1543,1020897,142,242,8
투어스 브이알 콘서트 : 러쉬로드,2026-03-04,2026-03-30,1215,28096,1,8,9
첨밀밀 ,1997-03-01,2026-03-30,1010,16739,120,257,10
왕과 사는 남자,2026-02-04,2026-03-31,55373,15731812,1464,5574,1
프로젝트 헤일메리,2026-03-18,2026-03-31,41494,1234721,1281,3438,2
명탐정 코난: 세기말의 마술사,2026-03-27,2026-03-31,3283,58930,207,463,3
호퍼스,2026-03-04,2026-03-31,2566,712810,311,398,4
프로텍터,2026-03-25,2026-03-31,2268,22785,305,371,5
극장판 귀멸의 칼날: 무한성편,2025-08-22,2026-03-31,1819,5739608,24,79,6
극장판 진격의 거인 완결편 더 라스트 어택,2025-03-13,2026-03-31,1460,1022357,145,234,7
첨밀밀 ,1997-03-01,2026-03-31,1212,17951,123,276,8
삼악도,2026-03-11,2026-03-31,1093,92271,98,122,9
메소드연기,2026-03-18,2026-03-31,944,59984,160,193,10
왕과 사는 남자,2026-02-04,2026-04-01,50276,15782088,1408,5158,1
프로젝트 헤일메리,2026-03-18,2026-04-01,39862,1274583,1244,3291,2
네가 마지막으로 남긴 노래,2026-04-01,2026-04-01,11414,12967,560,1408,3
극장판 귀멸의 칼날: 무한성편,2025-08-22,2026-04-01,6650,5746258,90,274,4
명탐정 코난: 세기말의 마술사,2026-03-27,2026-04-01,2959,61889,197,380,5
킬 빌: 더 홀 블러디 어페어,2026-04-01,2026-04-01,2923,3733,88,119,6
호퍼스,2026-03-04,2026-04-01,1862,714672,257,307,7
패왕별희 디 오리지널,2017-03-30,2026-04-01,1746,156608,54,62,8
극장판 체인소 맨: 레제편,2025-09-24,2026-04-01,1366,3453440,26,50,9
연지구 디 오리지널 4K,2026-03-25,2026-04-01,999,8624,85,92,10
왕과 사는 남자,2026-02-04,2026-04-02,39303,15821391,1340,4614,1
프로젝트 헤일메리,2026-03-18,2026-04-02,31886,1306469,1166,2987,2
끝장수사,2026-04-02,2026-04-02,13957,14617,648,1563,3
네가 마지막으로 남긴 노래,2026-04-01,2026-04-02,5257,18224,489,1031,4
극장판 귀멸의 칼날: 무한성편,2025-08-22,2026-04-02,4370,5750628,90,275,5
명탐정 코난: 세기말의 마술사,2026-03-27,2026-04-02,3315,65204,183,297,6
오피셜히게단디즘 라이브 앳 스타디움 2025,2026-04-02,2026-04-02,3178,3178,58,84,7
호퍼스,2026-03-04,2026-04-02,1266,715938,196,218,8
내 이름은,2026-04-15,2026-04-02,1209,1498,4,5,9
킬 빌: 더 홀 블러디 어페어,2026-04-01,2026-04-02,1047,4780,80,111,10
프로젝트 헤일메리,2026-03-18,2026-04-03,58078,1364547,1305,3459,1
왕과 사는 남자,2026-02-04,2026-04-03,52071,15873462,1370,4922,2
끝장수사,2026-04-02,2026-04-03,11763,26380,643,1440,3
네가 마지막으로 남긴 노래,2026-04-01,2026-04-03,7267,25491,557,1102,4
극장판 귀멸의 칼날: 무한성편,2025-08-22,2026-04-03,5903,5756531,90,264,5
명탐정 코난: 세기말의 마술사,2026-03-27,2026-04-03,3166,68370,187,306,6
호퍼스,2026-03-04,2026-04-03,1639,717577,212,236,7
오피셜히게단디즘 라이브 앳 스타디움 2025,2026-04-02,2026-04-03,1441,4619,56,76,8
패왕별희 디 오리지널,2017-03-30,2026-04-03,1358,158989,48,57,9
극장판 진격의 거인 완결편 더 라스트 어택,2025-03-13,2026-04-03,1110,1025105,51,96,10
프로젝트 헤일메리,2026-03-18,2026-04-04,153841,1518388,1401,4099,1
왕과 사는 남자,2026-02-04,2026-04-04,123797,15997259,1392,5417,2
네가 마지막으로 남긴 노래,2026-04-01,2026-04-04,16758,42249,593,1160,3
끝장수사,2026-04-02,2026-04-04,16587,42967,689,1343,4
극장판 귀멸의 칼날: 무한성편,2025-08-22,2026-04-04,14918,5771449,90,256,5
호퍼스,2026-03-04,2026-04-04,11402,728979,463,667,6
살목지,2026-04-08,2026-04-04,8058,19156,116,144,7
명탐정 코난: 세기말의 마술사,2026-03-27,2026-04-04,6311,74681,196,313,8
펫 트레인,2026-03-28,2026-04-04,3565,15819,130,166,9
킬 빌: 더 홀 블러디 어페어,2026-04-01,2026-04-04,3479,9279,97,122,10
프로젝트 헤일메리,2026-03-18,2026-04-05,117008,1635396,1376,3915,1
왕과 사는 남자,2026-02-04,2026-04-05,94406,16091665,1353,5104,2
끝장수사,2026-04-02,2026-04-05,13346,56313,687,1292,3
네가 마지막으로 남긴 노래,2026-04-01,2026-04-05,11758,54007,565,1071,4
극장판 귀멸의 칼날: 무한성편,2025-08-22,2026-04-05,11077,5782526,90,239,5
호퍼스,2026-03-04,2026-04-05,9077,738056,463,655,6
살목지,2026-04-08,2026-04-05,7565,26721,112,140,7
명탐정 코난: 세기말의 마술사,2026-03-27,2026-04-05,5531,80212,200,307,8
리바운드,2023-04-05,2026-04-05,3029,706398,167,182,9
펫 트레인,2026-03-28,2026-04-05,2748,18567,132,165,10
왕과 사는 남자,2026-02-04,2026-04-06,37815,16129480,1235,4317,1
프로젝트 헤일메리,2026-03-18,2026-04-06,35092,1670488,1232,3232,2
끝장수사,2026-04-02,2026-04-06,7164,63477,580,1153,3
네가 마지막으로 남긴 노래,2026-04-01,2026-04-06,3790,57797,478,844,4
극장판 귀멸의 칼날: 무한성편,2025-08-22,2026-04-06,2354,5784880,89,233,5
명탐정 코난: 세기말의 마술사,2026-03-27,2026-04-06,1353,81565,161,228,6
호퍼스,2026-03-04,2026-04-06,1048,739104,186,206,7
킬 빌: 더 홀 블러디 어페어,2026-04-01,2026-04-06,983,12341,85,109,8
극장판 진격의 거인 완결편 더 라스트 어택,2025-03-13,2026-04-06,659,1029540,51,88,9
투어스 브이알 콘서트 : 러쉬로드,2026-03-04,2026-04-06,638,34104,1,8,10
왕과 사는 남자,2026-02-04,2026-04-07,32132,16161612,1263,4151,1
프로젝트 헤일메리,2026-03-18,2026-04-07,30580,1701068,1249,3207,2
끝장수사,2026-04-02,2026-04-07,5932,69409,593,1148,3
네가 마지막으로 남긴 노래,2026-04-01,2026-04-07,4040,61837,487,854,4
극장판 귀멸의 칼날: 무한성편,2025-08-22,2026-04-07,2090,5786970,89,230,5
명탐정 코난: 세기말의 마술사,2026-03-27,2026-04-07,1242,82807,158,231,6
호퍼스,2026-03-04,2026-04-07,1170,740274,178,195,7
두 검사,2026-04-01,2026-04-07,941,6171,46,52,8
극장판 진격의 거인 완결편 더 라스트 어택,2025-03-13,2026-04-07,892,1030432,51,88,9
킬 빌: 더 홀 블러디 어페어,2026-04-01,2026-04-07,829,13170,84,104,10
살목지,2026-04-08,2026-04-08,89911,116824,1191,3873,1
프로젝트 헤일메리,2026-03-18,2026-04-08,32139,1733207,1139,2967,2
왕과 사는 남자,2026-02-04,2026-04-08,27524,16189136,1040,3203,3
위 리브 인 타임,2026-04-08,2026-04-08,5337,6071,220,437,4
크라임 101,2026-04-08,2026-04-08,3513,4025,208,436,5
끝장수사,2026-04-02,2026-04-08,3498,72907,411,567,6
그랜드 부다페스트 호텔,2014-03-20,2026-04-08,3077,838769,81,152,7
네가 마지막으로 남긴 노래,2026-04-01,2026-04-08,2835,64672,298,366,8
마녀배달부 키키,2007-11-22,2026-04-08,2497,62970,27,54,9
극장판 귀멸의 칼날: 무한성편,2025-08-22,2026-04-08,1208,5788178,79,115,10
살목지,2026-04-08,2026-04-09,70759,187583,1219,3974,1
프로젝트 헤일메리,2026-03-18,2026-04-09,33951,1767158,1163,3013,2
왕과 사는 남자,2026-02-04,2026-04-09,32842,16221978,1062,3241,3
위 리브 인 타임,2026-04-08,2026-04-09,3638,9709,221,437,4
끝장수사,2026-04-02,2026-04-09,2734,75641,350,510,5
크라임 101,2026-04-08,2026-04-09,2161,6186,194,384,6
네가 마지막으로 남긴 노래,2026-04-01,2026-04-09,2143,66815,306,376,7
명탐정 코난: 세기말의 마술사,2026-03-27,2026-04-09,1681,85531,132,162,8
극장판 귀멸의 칼날: 무한성편,2025-08-22,2026-04-09,1297,5789475,77,114,9
패왕별희 디 오리지널,2017-03-30,2026-04-09,1069,166168,42,49,10
살목지,2026-04-08,2026-04-10,111766,299349,1359,4681,1
프로젝트 헤일메리,2026-03-18,2026-04-10,56387,1823545,1215,3296,2
왕과 사는 남자,2026-02-04,2026-04-10,38623,16260601,1050,3371,3
위 리브 인 타임,2026-04-08,2026-04-10,3657,13366,242,438,4
끝장수사,2026-04-02,2026-04-10,2544,78185,337,461,5
네가 마지막으로 남긴 노래,2026-04-01,2026-04-10,2499,69314,313,395,6
크라임 101,2026-04-08,2026-04-10,2409,8595,192,400,7
극장판 귀멸의 칼날: 무한성편,2025-08-22,2026-04-10,2039,5791514,77,119,8
명탐정 코난: 세기말의 마술사,2026-03-27,2026-04-10,1474,87005,138,170,9
좀비딸,2025-07-30,2026-04-10,1178,5641601,5,5,10
살목지,2026-04-08,2026-04-11,226983,526332,1463,5463,1
프로젝트 헤일메리,2026-03-18,2026-04-11,121246,1944791,1264,3643,2
왕과 사는 남자,2026-02-04,2026-04-11,70653,16331254,1052,3416,3
런닝맨: 라이트&쉐도우,2026-04-11,2026-04-11,6701,7204,196,345,4
호퍼스,2026-03-04,2026-04-11,5725,748222,296,380,5
극장판 귀멸의 칼날: 무한성편,2025-08-22,2026-04-11,5467,5796981,77,126,6
위 리브 인 타임,2026-04-08,2026-04-11,4089,17455,230,379,7
네가 마지막으로 남긴 노래,2026-04-01,2026-04-11,3544,72858,292,351,8
크라임 101,2026-04-08,2026-04-11,3351,11946,182,349,9
끝장수사,2026-04-02,2026-04-11,2655,80840,288,411,10
살목지,2026-04-08,2026-04-12,197669,724001,1434,5326,1
프로젝트 헤일메리,2026-03-18,2026-04-12,97319,2042110,1234,3499,2
왕과 사는 남자,2026-02-04,2026-04-12,65969,16397223,1019,3253,3
런닝맨: 라이트&쉐도우,2026-04-11,2026-04-12,5851,13055,193,345,4
호퍼스,2026-03-04,2026-04-12,5824,754046,308,396,5
극장판 귀멸의 칼날: 무한성편,2025-08-22,2026-04-12,4846,5801827,75,120,6
위 리브 인 타임,2026-04-08,2026-04-12,3776,21231,224,359,7
네가 마지막으로 남긴 노래,2026-04-01,2026-04-12,3342,76200,283,336,8
명탐정 코난: 세기말의 마술사,2026-03-27,2026-04-12,2623,92145,143,165,9
크라임 101,2026-04-08,2026-04-12,2623,14569,182,345,9
살목지,2026-04-08,2026-04-13,73629,797630,1279,4566,1
왕과 사는 남자,2026-02-04,2026-04-13,23806,16421029,926,2865,2
프로젝트 헤일메리,2026-03-18,2026-04-13,23672,2065782,1087,2811,3
크라임 101,2026-04-08,2026-04-13,1299,15868,138,264,4
네가 마지막으로 남긴 노래,2026-04-01,2026-04-13,1115,77315,227,274,5
끝장수사,2026-04-02,2026-04-13,1070,84082,220,285,6
극장판 귀멸의 칼날: 무한성편,2025-08-22,2026-04-13,928,5802755,69,98,7
위 리브 인 타임,2026-04-08,2026-04-13,921,22152,179,283,8
내 이름은,2026-04-15,2026-04-13,729,6375,2,2,9
명탐정 코난: 세기말의 마술사,2026-03-27,2026-04-13,599,92744,117,133,10
살목지,2026-04-08,2026-04-14,64686,862316,1312,4589,1
왕과 사는 남자,2026-02-04,2026-04-14,23854,16444883,957,2823,2
프로젝트 헤일메리,2026-03-18,2026-04-14,21035,2086817,1083,2704,3
내 이름은,2026-04-15,2026-04-14,1945,8320,10,10,4
크라임 101,2026-04-08,2026-04-14,1878,17746,158,294,5
네가 마지막으로 남긴 노래,2026-04-01,2026-04-14,1472,78787,253,298,6
끝장수사,2026-04-02,2026-04-14,1107,85189,250,315,7
극장판 귀멸의 칼날: 무한성편,2025-08-22,2026-04-14,949,5803704,68,102,8
위 리브 인 타임,2026-04-08,2026-04-14,763,22915,179,284,9
두 검사,2026-04-01,2026-04-14,573,10800,35,39,10
살목지,2026-04-08,2026-04-15,68743,931059,1324,4776,1
프로젝트 헤일메리,2026-03-18,2026-04-15,21338,2108155,966,2387,2
왕과 사는 남자,2026-02-04,2026-04-15,20422,16465305,777,2047,3
내 이름은,2026-04-15,2026-04-15,17069,25389,667,1594,4
마녀배달부 키키,2007-11-22,2026-04-15,9821,77563,346,547,5
쉘터,2026-04-15,2026-04-15,3789,3789,174,298,6
극장판 하이큐!! 쓰레기장의 결전,2024-05-15,2026-04-15,2336,748321,108,153,7
위 리브 인 타임,2026-04-08,2026-04-15,2282,25197,134,176,8
트루먼 쇼,1998-10-24,2026-04-15,2101,22092,69,164,9
힌드의 목소리,2026-04-15,2026-04-15,1742,4592,116,145,10
살목지,2026-04-08,2026-04-16,58662,989721,1322,4732,1
왕과 사는 남자,2026-02-04,2026-04-16,19251,16484556,769,2011,2
프로젝트 헤일메리,2026-03-18,2026-04-16,19228,2127383,932,2328,3
내 이름은,2026-04-15,2026-04-16,13799,39188,667,1566,4
마녀배달부 키키,2007-11-22,2026-04-16,3043,80606,326,484,5
"극장판 총집편 걸즈 밴드 크라이 있잖아, 미래.",2026-04-16,2026-04-16,2920,2920,100,136,6
쉘터,2026-04-15,2026-04-16,2840,6629,167,284,7
짱구,2026-04-22,2026-04-16,2792,3081,13,14,8
위 리브 인 타임,2026-04-08,2026-04-16,1890,27087,127,171,9
힌드의 목소리,2026-04-15,2026-04-16,1368,5960,105,135,10
살목지,2026-04-08,2026-04-17,98966,1088687,1375,5168,1
프로젝트 헤일메리,2026-03-18,2026-04-17,32892,2160275,1005,2563,2
왕과 사는 남자,2026-02-04,2026-04-17,23919,16508475,771,2073,3
내 이름은,2026-04-15,2026-04-17,16192,55380,660,1489,4
마녀배달부 키키,2007-11-22,2026-04-17,3916,84522,327,459,5
고트: 더 레전드,2026-04-17,2026-04-17,2472,2623,339,423,6
노멀,2026-04-17,2026-04-17,2366,2898,129,246,7
쉘터,2026-04-15,2026-04-17,2291,8920,167,264,8
트루먼 쇼,1998-10-24,2026-04-17,1624,24881,70,150,9
위 리브 인 타임,2026-04-08,2026-04-17,1343,28430,134,168,10
살목지,2026-04-08,2026-04-18,211494,1300181,1511,6142,1
프로젝트 헤일메리,2026-03-18,2026-04-18,76956,2237231,1053,2832,2
왕과 사는 남자,2026-02-04,2026-04-18,43814,16552289,807,2200,3
내 이름은,2026-04-15,2026-04-18,23796,79176,694,1454,4
고트: 더 레전드,2026-04-17,2026-04-18,7729,10352,505,789,5
마녀배달부 키키,2007-11-22,2026-04-18,7306,91828,361,450,6
쉘터,2026-04-15,2026-04-18,3125,12045,167,243,7
트루먼 쇼,1998-10-24,2026-04-18,2557,27438,88,138,8
노멀,2026-04-17,2026-04-18,2471,5369,133,239,9
극장판 하이큐!! 쓰레기장의 결전,2024-05-15,2026-04-18,2244,752424,92,113,10
살목지,2026-04-08,2026-04-19,161640,1461821,1465,5882,1
프로젝트 헤일메리,2026-03-18,2026-04-19,60871,2298102,1039,2734,2
왕과 사는 남자,2026-02-04,2026-04-19,37222,16589511,812,2106,3
내 이름은,2026-04-15,2026-04-19,20963,100139,681,1426,4
고트: 더 레전드,2026-04-17,2026-04-19,8682,19034,496,800,5
마녀배달부 키키,2007-11-22,2026-04-19,5666,97494,351,435,6
쉘터,2026-04-15,2026-04-19,3286,15331,172,250,7
극장판 하이큐!! 쓰레기장의 결전,2024-05-15,2026-04-19,2313,754737,93,110,8
노멀,2026-04-17,2026-04-19,2183,7552,121,217,9
극장판 귀멸의 칼날: 무한성편,2025-08-22,2026-04-19,2147,5809650,57,61,10
살목지,2026-04-08,2026-04-20,46984,1508805,1258,4669,1
프로젝트 헤일메리,2026-03-18,2026-04-20,16038,2314140,905,2179,2
왕과 사는 남자,2026-02-04,2026-04-20,14322,16603833,700,1779,3
내 이름은,2026-04-15,2026-04-20,8714,108853,585,1311,4
마녀배달부 키키,2007-11-22,2026-04-20,1521,99015,270,336,5
노멀,2026-04-17,2026-04-20,965,8517,109,186,6
고트: 더 레전드,2026-04-17,2026-04-20,854,19888,240,274,7
쉘터,2026-04-15,2026-04-20,851,16182,146,217,8
힌드의 목소리,2026-04-15,2026-04-20,696,11161,99,112,9
트루먼 쇼,1998-10-24,2026-04-20,540,29792,74,122,10
살목지,2026-04-08,2026-04-21,39689,1548494,1253,4516,1
프로젝트 헤일메리,2026-03-18,2026-04-21,14892,2329032,900,2144,2
왕과 사는 남자,2026-02-04,2026-04-21,13628,16617461,706,1752,3
내 이름은,2026-04-15,2026-04-21,9798,118651,624,1358,4
노멀,2026-04-17,2026-04-21,1922,10439,124,214,5
마녀배달부 키키,2007-11-22,2026-04-21,1806,100821,271,326,6
쉘터,2026-04-15,2026-04-21,1714,17896,159,233,7
힌드의 목소리,2026-04-15,2026-04-21,1185,12346,112,130,8
고트: 더 레전드,2026-04-17,2026-04-21,891,20779,238,276,9
미야자키 하야오의 그대들은 어떻게 살 것인가,2026-04-15,2026-04-21,798,6091,78,96,10
살목지,2026-04-08,2026-04-22,43400,1591894,1172,4155,1
란 12.3,2026-04-22,2026-04-22,37037,38078,842,2156,2
짱구,2026-04-22,2026-04-22,26848,31893,693,1672,3
프로젝트 헤일메리,2026-03-18,2026-04-22,17656,2346688,718,1657,4
왕과 사는 남자,2026-02-04,2026-04-22,10893,16628354,611,1333,5
내 이름은,2026-04-15,2026-04-22,8333,126984,552,977,6
리 크로닌의 미이라,2026-04-22,2026-04-22,6378,7652,368,610,7
기동전사 건담: 섬광의 하사웨이 키르케의 마녀,2026-04-22,2026-04-22,5076,5076,90,149,8
르누아르,2026-04-22,2026-04-22,3468,4209,127,239,9
마녀배달부 키키,2007-11-22,2026-04-22,3253,104074,119,141,10
살목지,2026-04-08,2026-04-23,48405,1640299,1150,4090,1
짱구,2026-04-22,2026-04-23,20639,52532,678,1584,2
란 12.3,2026-04-22,2026-04-23,17231,55309,787,1990,3
프로젝트 헤일메리,2026-03-18,2026-04-23,15223,2361911,721,1664,4
왕과 사는 남자,2026-02-04,2026-04-23,11285,16639639,642,1346,5
내 이름은,2026-04-15,2026-04-23,7089,134073,532,903,6
리 크로닌의 미이라,2026-04-22,2026-04-23,4459,12111,346,561,7
줄무늬 파자마를 입은 소년,2026-04-23,2026-04-23,3270,3604,153,213,8
기동전사 건담: 섬광의 하사웨이 키르케의 마녀,2026-04-22,2026-04-23,2539,7615,90,149,9
노멀,2026-04-17,2026-04-23,1744,13827,91,108,10
살목지,2026-04-08,2026-04-24,86527,1726826,1263,4783,1
프로젝트 헤일메리,2026-03-18,2026-04-24,26138,2388049,748,1838,2
짱구,2026-04-22,2026-04-24,24822,77354,733,1728,3
란 12.3,2026-04-22,2026-04-24,17228,72537,739,1933,4
왕과 사는 남자,2026-02-04,2026-04-24,14695,16654334,663,1443,5
내 이름은,2026-04-15,2026-04-24,6550,140623,546,916,6
리 크로닌의 미이라,2026-04-22,2026-04-24,4854,16965,366,582,7
기동전사 건담: 섬광의 하사웨이 키르케의 마녀,2026-04-22,2026-04-24,2842,10457,90,147,8
마녀배달부 키키,2007-11-22,2026-04-24,1783,107516,123,147,9
노멀,2026-04-17,2026-04-24,1775,15602,52,66,10
살목지,2026-04-08,2026-04-25,147850,1874676,1378,5625,1
프로젝트 헤일메리,2026-03-18,2026-04-25,56289,2444338,800,2084,2
짱구,2026-04-22,2026-04-25,44479,121833,857,1938,3
란 12.3,2026-04-22,2026-04-25,32762,105299,652,1972,4
왕과 사는 남자,2026-02-04,2026-04-25,27383,16681717,687,1644,5
내 이름은,2026-04-15,2026-04-25,10368,150991,562,912,6
리 크로닌의 미이라,2026-04-22,2026-04-25,6491,23456,345,499,7
기동전사 건담: 섬광의 하사웨이 키르케의 마녀,2026-04-22,2026-04-25,4441,14898,90,147,8
마녀배달부 키키,2007-11-22,2026-04-25,4302,111818,146,172,9
고트: 더 레전드,2026-04-17,2026-04-25,3617,26148,335,432,10
살목지,2026-04-08,2026-04-26,109078,1983754,1349,5326,1
프로젝트 헤일메리,2026-03-18,2026-04-26,46552,2490890,796,2008,2
짱구,2026-04-22,2026-04-26,42065,163898,878,1925,3
란 12.3,2026-04-22,2026-04-26,28349,133648,647,1865,4
왕과 사는 남자,2026-02-04,2026-04-26,25080,16706797,674,1576,5
내 이름은,2026-04-15,2026-04-26,10615,161606,558,883,6
리 크로닌의 미이라,2026-04-22,2026-04-26,4731,28187,332,471,7
고트: 더 레전드,2026-04-17,2026-04-26,3908,30056,330,415,8
마녀배달부 키키,2007-11-22,2026-04-26,3877,115695,128,155,9
기동전사 건담: 섬광의 하사웨이 키르케의 마녀,2026-04-22,2026-04-26,3513,18411,90,146,10
살목지,2026-04-08,2026-04-27,41902,2025656,1114,4129,1
짱구,2026-04-22,2026-04-27,15630,179528,680,1690,2
프로젝트 헤일메리,2026-03-18,2026-04-27,15612,2506502,686,1660,3
왕과 사는 남자,2026-02-04,2026-04-27,10114,16716911,599,1323,4
란 12.3,2026-04-22,2026-04-27,7279,140927,576,1530,5
내 이름은,2026-04-15,2026-04-27,4074,165680,450,767,6
리 크로닌의 미이라,2026-04-22,2026-04-27,2758,30945,314,450,7
기동전사 건담: 섬광의 하사웨이 키르케의 마녀,2026-04-22,2026-04-27,1329,19740,88,138,8
악마는 프라다를 입는다 2,2026-04-29,2026-04-27,1001,1001,3,4,9
마녀배달부 키키,2007-11-22,2026-04-27,949,116644,106,128,10
살목지,2026-04-08,2026-04-28,51175,2076831,1152,4209,1
프로젝트 헤일메리,2026-03-18,2026-04-28,16822,2523324,705,1671,2
짱구,2026-04-22,2026-04-28,15554,195082,691,1717,3
왕과 사는 남자,2026-02-04,2026-04-28,11671,16728582,614,1343,4
란 12.3,2026-04-22,2026-04-28,8011,148938,581,1528,5
내 이름은,2026-04-15,2026-04-28,5077,170757,491,826,6
리 크로닌의 미이라,2026-04-22,2026-04-28,2746,33691,316,450,7
르누아르,2026-04-22,2026-04-28,1942,13670,132,216,8
기동전사 건담: 섬광의 하사웨이 키르케의 마녀,2026-04-22,2026-04-28,1449,21189,88,136,9
마녀배달부 키키,2007-11-22,2026-04-28,1292,117936,114,140,10
악마는 프라다를 입는다 2,2026-04-29,2026-04-29,150767,151768,1578,6165,1
슈퍼 마리오 갤럭시,2026-04-29,2026-04-29,60433,63460,1166,4173,2
살목지,2026-04-08,2026-04-29,59050,2135881,845,2113,3
프로젝트 헤일메리,2026-03-18,2026-04-29,13393,2536717,407,548,4
짱구,2026-04-22,2026-04-29,13237,208319,523,826,5
란 12.3,2026-04-22,2026-04-29,6002,154940,382,511,6
왕과 사는 남자,2026-02-04,2026-04-29,5848,16734430,245,331,7
내 이름은,2026-04-15,2026-04-29,5752,176509,217,296,8
기동전사 건담: 섬광의 하사웨이 키르케의 마녀,2026-04-22,2026-04-29,3083,24272,94,127,9
마녀배달부 키키,2007-11-22,2026-04-29,2037,119973,70,74,10
살목지,2026-04-08,2026-04-30,102147,2238028,957,2477,1
악마는 프라다를 입는다 2,2026-04-29,2026-04-30,101438,253206,1540,6202,2
슈퍼 마리오 갤럭시,2026-04-29,2026-04-30,47020,110480,1162,4000,3
프로젝트 헤일메리,2026-03-18,2026-04-30,16797,2553514,449,606,4
짱구,2026-04-22,2026-04-30,16278,224597,539,886,5
란 12.3,2026-04-22,2026-04-30,7005,161945,373,514,6
왕과 사는 남자,2026-02-04,2026-04-30,6652,16741082,271,370,7
마이클,2026-05-13,2026-04-30,6378,7002,34,34,8
내 이름은,2026-04-15,2026-04-30,4506,181015,212,297,9
마녀배달부 키키,2007-11-22,2026-04-30,2882,122855,76,85,10
슈퍼 마리오 갤럭시,2026-04-29,2026-05-01,231103,341583,1577,6184,1
악마는 프라다를 입는다 2,2026-04-29,2026-05-01,183788,436994,1418,5804,2
살목지,2026-04-08,2026-05-01,146272,2384300,1164,3003,3
프로젝트 헤일메리,2026-03-18,2026-05-01,32974,2586488,422,580,4
짱구,2026-04-22,2026-05-01,24579,249176,473,748,5
란 12.3,2026-04-22,2026-05-01,13643,175588,274,334,6
왕과 사는 남자,2026-02-04,2026-05-01,12119,16753201,252,322,7
내 이름은,2026-04-15,2026-05-01,3634,184649,177,221,8
사랑의 하츄핑 특별판,2026-05-01,2026-05-01,3321,3321,295,352,9
기동전사 건담: 섬광의 하사웨이 키르케의 마녀,2026-04-22,2026-05-01,2365,29093,84,100,10
슈퍼 마리오 갤럭시,2026-04-29,2026-05-02,157833,499416,1608,6089,1
악마는 프라다를 입는다 2,2026-04-29,2026-05-02,153936,590930,1368,5318,2
살목지,2026-04-08,2026-05-02,128023,2512323,1318,3490,3
프로젝트 헤일메리,2026-03-18,2026-05-02,31575,2618063,464,643,4
짱구,2026-04-22,2026-05-02,24202,273378,509,798,5
왕과 사는 남자,2026-02-04,2026-05-02,11581,16764782,290,378,6
란 12.3,2026-04-22,2026-05-02,11115,186703,280,343,7
내 이름은,2026-04-15,2026-05-02,3423,188072,169,209,8
기동전사 건담: 섬광의 하사웨이 키르케의 마녀,2026-04-22,2026-05-02,2250,31343,84,96,9
마녀배달부 키키,2007-11-22,2026-05-02,1967,126203,55,57,10
슈퍼 마리오 갤럭시,2026-04-29,2026-05-03,186521,685937,1589,5900,1
악마는 프라다를 입는다 2,2026-04-29,2026-05-03,145087,736017,1332,5081,2
살목지,2026-04-08,2026-05-03,123705,2636028,1349,3589,3
프로젝트 헤일메리,2026-03-18,2026-05-03,31520,2649583,486,686,4
짱구,2026-04-22,2026-05-03,25123,298501,535,826,5
왕과 사는 남자,2026-02-04,2026-05-03,14719,16779501,322,416,6
란 12.3,2026-04-22,2026-05-03,12395,199098,320,409,7
내 이름은,2026-04-15,2026-05-03,3901,191973,177,215,8
사랑의 하츄핑 특별판,2026-05-01,2026-05-03,2471,7543,252,280,9
극장판 반짝반짝 달님이: 싱어롱 파티,2026-05-01,2026-05-03,1833,5950,164,235,10
슈퍼 마리오 갤럭시,2026-04-29,2026-05-04,141462,827399,1487,5546,1
악마는 프라다를 입는다 2,2026-04-29,2026-05-04,98410,834427,1252,4778,2
살목지,2026-04-08,2026-05-04,91937,2727965,1216,3695,3
프로젝트 헤일메리,2026-03-18,2026-05-04,26249,2675832,522,755,4
짱구,2026-04-22,2026-05-04,15623,314124,497,797,5
왕과 사는 남자,2026-02-04,2026-05-04,10724,16790225,325,437,6
란 12.3,2026-04-22,2026-05-04,6817,205915,330,430,7
내 이름은,2026-04-15,2026-05-04,2220,194193,146,185,8
사랑의 하츄핑 특별판,2026-05-01,2026-05-04,1496,9039,213,237,9
기동전사 건담: 섬광의 하사웨이 키르케의 마녀,2026-04-22,2026-05-04,1436,34545,85,96,10
슈퍼 마리오 갤럭시,2026-04-29,2026-05-05,283282,1110681,1847,6853,1
악마는 프라다를 입는다 2,2026-04-29,2026-05-05,124686,959113,1199,4038,2
살목지,2026-04-08,2026-05-05,108212,2836177,1233,3333,3
프로젝트 헤일메리,2026-03-18,2026-05-05,30809,2706641,496,708,4
짱구,2026-04-22,2026-05-05,19000,333124,505,754,5
왕과 사는 남자,2026-02-04,2026-05-05,13309,16803534,350,455,6
란 12.3,2026-04-22,2026-05-05,8889,214804,268,330,7
사랑의 하츄핑 특별판,2026-05-01,2026-05-05,3284,12323,254,299,8
극장판 반짝반짝 달님이: 싱어롱 파티,2026-05-01,2026-05-05,2342,9515,169,238,9
내 이름은,2026-04-15,2026-05-05,2073,196266,140,165,10
악마는 프라다를 입는다 2,2026-04-29,2026-05-06,35509,994622,1158,3912,1
살목지,2026-04-08,2026-05-06,20988,2857165,961,2874,2
슈퍼 마리오 갤럭시,2026-04-29,2026-05-06,13523,1124204,900,2280,3
프로젝트 헤일메리,2026-03-18,2026-05-06,9281,2715922,488,807,4
짱구,2026-04-22,2026-05-06,7081,340205,448,722,5
왕과 사는 남자,2026-02-04,2026-05-06,3299,16806833,324,438,6
모탈 컴뱃 2,2026-05-06,2026-05-06,2543,2709,365,592,7
란 12.3,2026-04-22,2026-05-06,2227,217031,253,335,8
올 그린스,2026-05-06,2026-05-06,2194,2694,133,201,9
기동전사 건담: 섬광의 하사웨이 키르케의 마녀,2026-04-22,2026-05-06,1954,37573,55,61,10
악마는 프라다를 입는다 2,2026-04-29,2026-05-07,31480,1026102,1173,3792,1
살목지,2026-04-08,2026-05-07,18283,2875448,929,2748,2
슈퍼 마리오 갤럭시,2026-04-29,2026-05-07,10471,1134675,880,2003,3
프로젝트 헤일메리,2026-03-18,2026-05-07,8492,2724414,543,859,4
마이클,2026-05-13,2026-05-07,8117,15119,45,45,5
짱구,2026-04-22,2026-05-07,5142,345347,457,734,6
왕과 사는 남자,2026-02-04,2026-05-07,3922,16810755,361,494,7
란 12.3,2026-04-22,2026-05-07,2431,219462,275,381,8
모탈 컴뱃 2,2026-05-06,2026-05-07,1706,4415,358,515,9
내 이름은,2026-04-15,2026-05-07,1592,199603,126,167,10
악마는 프라다를 입는다 2,2026-04-29,2026-05-08,42875,1068977,1182,4046,1
살목지,2026-04-08,2026-05-08,26377,2901825,996,3233,2
슈퍼 마리오 갤럭시,2026-04-29,2026-05-08,17524,1152199,924,2350,3
프로젝트 헤일메리,2026-03-18,2026-05-08,12485,2736899,568,955,4
짱구,2026-04-22,2026-05-08,6118,351465,473,813,5
왕과 사는 남자,2026-02-04,2026-05-08,5823,16816578,424,598,6
란 12.3,2026-04-22,2026-05-08,2393,221855,301,414,7
모탈 컴뱃 2,2026-05-06,2026-05-08,2135,6550,362,526,8
내 이름은,2026-04-15,2026-05-08,2056,201659,106,144,9
기동전사 건담: 섬광의 하사웨이 키르케의 마녀,2026-04-22,2026-05-08,757,39306,52,58,10
악마는 프라다를 입는다 2,2026-04-29,2026-05-09,84302,1153279,1162,4165,1
슈퍼 마리오 갤럭시,2026-04-29,2026-05-09,84025,1236224,1435,4789,2
살목지,2026-04-08,2026-05-09,64731,2966556,1083,3863,3
프로젝트 헤일메리,2026-03-18,2026-05-09,25296,2762195,605,1107,4
짱구,2026-04-22,2026-05-09,12913,364378,498,900,5
왕과 사는 남자,2026-02-04,2026-05-09,8658,16825236,400,596,6
란 12.3,2026-04-22,2026-05-09,4322,226177,305,405,7
모탈 컴뱃 2,2026-05-06,2026-05-09,3159,9709,365,447,8
내 이름은,2026-04-15,2026-05-09,1545,203204,104,127,9
올 그린스,2026-05-06,2026-05-09,1228,5847,120,147,10
슈퍼 마리오 갤럭시,2026-04-29,2026-05-10,82482,1318706,1422,4618,1
악마는 프라다를 입는다 2,2026-04-29,2026-05-10,68336,1221615,1132,3898,2
살목지,2026-04-08,2026-05-10,56204,3022760,1088,3653,3
프로젝트 헤일메리,2026-03-18,2026-05-10,20769,2782964,608,1047,4
짱구,2026-04-22,2026-05-10,12231,376609,494,869,5
왕과 사는 남자,2026-02-04,2026-05-10,8286,16833522,385,566,6
란 12.3,2026-04-22,2026-05-10,4210,230387,297,398,7
모탈 컴뱃 2,2026-05-06,2026-05-10,2340,12049,335,404,8
내 이름은,2026-04-15,2026-05-10,1540,204744,97,122,9
기동전사 건담: 섬광의 하사웨이 키르케의 마녀,2026-04-22,2026-05-10,819,41274,50,53,10
악마는 프라다를 입는다 2,2026-04-29,2026-05-11,24856,1246471,1079,3498,1
살목지,2026-04-08,2026-05-11,14561,3037321,878,2641,2
슈퍼 마리오 갤럭시,2026-04-29,2026-05-11,7191,1325897,733,1685,3
프로젝트 헤일메리,2026-03-18,2026-05-11,7049,2790013,546,934,4
짱구,2026-04-22,2026-05-11,4447,381056,429,785,5
왕과 사는 남자,2026-02-04,2026-05-11,3446,16836968,372,555,6
란 12.3,2026-04-22,2026-05-11,1590,231977,271,360,7
마이클,2026-05-13,2026-05-11,1506,18375,4,4,8
모탈 컴뱃 2,2026-05-06,2026-05-11,1168,13217,314,410,9
내 이름은,2026-04-15,2026-05-11,896,205640,99,128,10
악마는 프라다를 입는다 2,2026-04-29,2026-05-12,23289,1269760,1099,3484,1
살목지,2026-04-08,2026-05-12,13398,3050719,891,2632,2
프로젝트 헤일메리,2026-03-18,2026-05-12,7512,2797525,545,961,3
슈퍼 마리오 갤럭시,2026-04-29,2026-05-12,7350,1333247,730,1641,4
왕과 사는 남자,2026-02-04,2026-05-12,4875,16841843,398,592,5
짱구,2026-04-22,2026-05-12,4170,385226,436,791,6
란 12.3,2026-04-22,2026-05-12,2566,234543,275,375,7
모탈 컴뱃 2,2026-05-06,2026-05-12,1216,14433,316,404,8
내 이름은,2026-04-15,2026-05-12,1069,206709,103,136,9
올 그린스,2026-05-06,2026-05-12,554,7695,107,139,10
마이클,2026-05-13,2026-05-13,99902,118492,1734,6157,1
악마는 프라다를 입는다 2,2026-04-29,2026-05-13,29970,1299730,817,2285,2
살목지,2026-04-08,2026-05-13,16441,3067160,728,1841,3
프로젝트 헤일메리,2026-03-18,2026-05-13,7048,2804573,356,495,4
슈퍼 마리오 갤럭시,2026-04-29,2026-05-13,6561,1339808,519,838,5
왕과 사는 남자,2026-02-04,2026-05-13,4625,16846468,266,335,6
교생실습,2026-05-13,2026-05-13,3707,5801,253,394,7
짱구,2026-04-22,2026-05-13,3306,388532,324,445,8
이프 온리,2004-10-29,2026-05-13,2988,1040634,223,309,9
탑건: 매버릭,2022-06-22,2026-05-13,2718,8252163,111,174,10
마이클,2026-05-13,2026-05-14,59035,177527,1687,5731,1
악마는 프라다를 입는다 2,2026-04-29,2026-05-14,23909,1323639,826,2301,2
살목지,2026-04-08,2026-05-14,11588,3078748,715,1763,3
슈퍼 마리오 갤럭시,2026-04-29,2026-05-14,6118,1345926,516,806,4
프로젝트 헤일메리,2026-03-18,2026-05-14,5192,2809765,381,519,5
왕과 사는 남자,2026-02-04,2026-05-14,3739,16850207,261,326,6
교생실습,2026-05-13,2026-05-14,3484,9285,237,396,7
짱구,2026-04-22,2026-05-14,2885,391417,296,407,8
이프 온리,2004-10-29,2026-05-14,2474,1043108,231,320,9
탑건: 매버릭,2022-06-22,2026-05-14,2087,8254250,125,198,10
마이클,2026-05-13,2026-05-15,86922,264449,1718,6216,1
악마는 프라다를 입는다 2,2026-04-29,2026-05-15,30518,1354157,843,2487,2
살목지,2026-04-08,2026-05-15,20009,3098757,743,2011,3
슈퍼 마리오 갤럭시,2026-04-29,2026-05-15,9229,1355155,579,944,4
프로젝트 헤일메리,2026-03-18,2026-05-15,8386,2818151,414,598,5
왕과 사는 남자,2026-02-04,2026-05-15,4155,16854362,276,346,6
교생실습,2026-05-13,2026-05-15,3378,12663,240,385,7
이프 온리,2004-10-29,2026-05-15,3187,1046295,231,328,8
짱구,2026-04-22,2026-05-15,3080,394497,306,438,9
탑건: 매버릭,2022-06-22,2026-05-15,3061,8257311,131,204,10
마이클,2026-05-13,2026-05-16,204424,468873,1696,6808,1
슈퍼 마리오 갤럭시,2026-04-29,2026-05-16,55262,1410417,902,2198,2
악마는 프라다를 입는다 2,2026-04-29,2026-05-16,49883,1404040,870,2621,3
살목지,2026-04-08,2026-05-16,38823,3137580,751,2170,4
프로젝트 헤일메리,2026-03-18,2026-05-16,15867,2834018,437,623,5
탑건: 매버릭,2022-06-22,2026-05-16,7199,8264510,133,207,6
교생실습,2026-05-13,2026-05-16,5250,17913,237,350,7
짱구,2026-04-22,2026-05-16,4684,399181,284,408,8
왕과 사는 남자,2026-02-04,2026-05-16,4661,16859023,249,328,9
이프 온리,2004-10-29,2026-05-16,4475,1050770,232,291,10
마이클,2026-05-13,2026-05-17,179025,647898,1661,6416,1
슈퍼 마리오 갤럭시,2026-04-29,2026-05-17,59067,1469484,903,2169,2
악마는 프라다를 입는다 2,2026-04-29,2026-05-17,40142,1444182,847,2516,3
살목지,2026-04-08,2026-05-17,32131,3169711,743,2010,4
프로젝트 헤일메리,2026-03-18,2026-05-17,13124,2847142,424,598,5
탑건: 매버릭,2022-06-22,2026-05-17,6030,8270540,135,195,6
왕과 사는 남자,2026-02-04,2026-05-17,4854,16863877,252,330,7
이프 온리,2004-10-29,2026-05-17,4820,1055590,242,302,8
짱구,2026-04-22,2026-05-17,4676,403857,284,407,9
교생실습,2026-05-13,2026-05-17,4109,22022,237,340,10
마이클,2026-05-13,2026-05-18,43653,691551,1534,5202,1
악마는 프라다를 입는다 2,2026-04-29,2026-05-18,14277,1458459,774,2200,2
살목지,2026-04-08,2026-05-18,8793,3178504,622,1583,3
프로젝트 헤일메리,2026-03-18,2026-05-18,3965,2851107,391,580,4
슈퍼 마리오 갤럭시,2026-04-29,2026-05-18,3642,1473126,444,685,5
와일드 씽,2026-06-03,2026-05-18,2440,2652,8,9,6
왕과 사는 남자,2026-02-04,2026-05-18,2426,16866303,261,348,7
군체,2026-05-21,2026-05-18,1941,2347,9,9,8
이프 온리,2004-10-29,2026-05-18,1830,1057420,210,290,9
짱구,2026-04-22,2026-05-18,1790,405647,264,364,10
마이클,2026-05-13,2026-05-19,38030,729581,1526,5059,1
악마는 프라다를 입는다 2,2026-04-29,2026-05-19,13783,1472242,772,2174,2
살목지,2026-04-08,2026-05-19,7973,3186477,613,1541,3
슈퍼 마리오 갤럭시,2026-04-29,2026-05-19,3890,1477016,442,666,4
프로젝트 헤일메리,2026-03-18,2026-05-19,3750,2854857,401,578,5
왕과 사는 남자,2026-02-04,2026-05-19,3014,16869317,261,353,6
짱구,2026-04-22,2026-05-19,2144,407791,265,366,7
군체,2026-05-21,2026-05-19,1953,4300,9,9,8
이프 온리,2004-10-29,2026-05-19,1833,1059253,211,291,9
탑건: 매버릭,2022-06-22,2026-05-19,1830,8274051,130,184,10
마이클,2026-05-13,2026-05-20,48844,778425,1563,5288,1
악마는 프라다를 입는다 2,2026-04-29,2026-05-20,15939,1488181,752,2137,2
군체,2026-05-21,2026-05-20,14212,18512,68,70,3
신극장판 은혼: 요시와라 대염상,2026-05-20,2026-05-20,11687,13475,440,901,4
살목지,2026-04-08,2026-05-20,9620,3196097,644,1560,5
프로젝트 헤일메리,2026-03-18,2026-05-20,4949,2859806,370,537,6
슈퍼 마리오 갤럭시,2026-04-29,2026-05-20,3741,1480757,392,531,7
너바나 더 밴드 : 전설적 밴드 ‘너바나’와는 별 관련 없는 ‘너바나 더 밴드’의 콤비 맷과 제이. 어느 날 공연을 위해 타임머신을 만드는 황당한 작전을 세우고 처음 만났던 17년 전으로 돌,2026-05-20,2026-05-20,3635,5154,155,273,8
왕과 사는 남자,2026-02-04,2026-05-20,3521,16872838,251,344,9
탑건: 매버릭,2022-06-22,2026-05-20,1915,8275966,93,147,10
군체,2026-05-21,2026-05-21,199754,218266,1964,8116,1
마이클,2026-05-13,2026-05-21,29285,807710,868,2623,2
악마는 프라다를 입는다 2,2026-04-29,2026-05-21,9413,1497594,529,1108,3
신극장판 은혼: 요시와라 대염상,2026-05-20,2026-05-21,4094,17569,374,604,4
극장판 내 마음의 위험한 녀석,2026-05-21,2026-05-21,3895,3895,115,205,5
리마인더스 오브 힘,2026-05-27,2026-05-21,3000,3000,17,17,6
살목지,2026-04-08,2026-05-21,2914,3199011,384,545,7
너바나 더 밴드 : 전설적 밴드 ‘너바나’와는 별 관련 없는 ‘너바나 더 밴드’의 콤비 맷과 제이. 어느 날 공연을 위해 타임머신을 만드는 황당한 작전을 세우고 처음 만났던 17년 전으로 돌,2026-05-20,2026-05-21,2674,7828,133,212,8
슈퍼 마리오 갤럭시,2026-04-29,2026-05-21,2518,1483275,200,234,9
왕과 사는 남자,2026-02-04,2026-05-21,2334,16875172,137,161,10
군체,2026-05-21,2026-05-22,230038,448304,2026,8607,1
마이클,2026-05-13,2026-05-22,41008,848718,874,2796,2
악마는 프라다를 입는다 2,2026-04-29,2026-05-22,11684,1509278,544,1174,3
살목지,2026-04-08,2026-05-22,4840,3203851,446,667,4
신극장판 은혼: 요시와라 대염상,2026-05-20,2026-05-22,4779,22348,378,607,5
슈퍼 마리오 갤럭시,2026-04-29,2026-05-22,3594,1486869,237,288,6
너바나 더 밴드 : 전설적 밴드 ‘너바나’와는 별 관련 없는 ‘너바나 더 밴드’의 콤비 맷과 제이. 어느 날 공연을 위해 타임머신을 만드는 황당한 작전을 세우고 처음 만났던 17년 전으로 돌,2026-05-20,2026-05-22,2850,10678,138,220,7
프로젝트 헤일메리,2026-03-18,2026-05-22,2654,2864161,181,221,8
극장판 내 마음의 위험한 녀석,2026-05-21,2026-05-22,2543,6438,109,181,9
왕과 사는 남자,2026-02-04,2026-05-22,1500,16876672,129,150,10
군체,2026-05-21,2026-05-23,475779,924083,2103,9523,1
마이클,2026-05-13,2026-05-23,103647,952365,856,2839,2
슈퍼 마리오 갤럭시,2026-04-29,2026-05-23,24347,1511216,610,1039,3
악마는 프라다를 입는다 2,2026-04-29,2026-05-23,15980,1525258,521,931,4
신극장판 은혼: 요시와라 대염상,2026-05-20,2026-05-23,11699,34047,397,552,5
살목지,2026-04-08,2026-05-23,8638,3212489,414,560,6
극장판 호빵맨: 세균맨과 그림책의 루룬,2026-05-23,2026-05-23,6708,7109,221,372,7
프로젝트 헤일메리,2026-03-18,2026-05-23,5490,2869651,171,211,8
너바나 더 밴드 : 전설적 밴드 ‘너바나’와는 별 관련 없는 ‘너바나 더 밴드’의 콤비 맷과 제이. 어느 날 공연을 위해 타임머신을 만드는 황당한 작전을 세우고 처음 만났던 17년 전으로 돌,2026-05-20,2026-05-23,5283,15961,155,204,9
극장판 내 마음의 위험한 녀석,2026-05-21,2026-05-23,4873,11311,124,182,10
군체,2026-05-21,2026-05-24,577506,1501589,2110,9509,1
마이클,2026-05-13,2026-05-24,122849,1075214,922,2924,2
슈퍼 마리오 갤럭시,2026-04-29,2026-05-24,27590,1538806,621,1059,3
악마는 프라다를 입는다 2,2026-04-29,2026-05-24,16996,1542254,524,904,4
살목지,2026-04-08,2026-05-24,9998,3222487,404,565,5
신극장판 은혼: 요시와라 대염상,2026-05-20,2026-05-24,8702,42749,375,525,6
프로젝트 헤일메리,2026-03-18,2026-05-24,6975,2876626,170,207,7
극장판 호빵맨: 세균맨과 그림책의 루룬,2026-05-23,2026-05-24,5355,12464,220,354,8
너바나 더 밴드 : 전설적 밴드 ‘너바나’와는 별 관련 없는 ‘너바나 더 밴드’의 콤비 맷과 제이. 어느 날 공연을 위해 타임머신을 만드는 황당한 작전을 세우고 처음 만났던 17년 전으로 돌,2026-05-20,2026-05-24,4591,20552,153,196,9
극장판 내 마음의 위험한 녀석,2026-05-21,2026-05-24,4429,15740,124,181,10
군체,2026-05-21,2026-05-25,516978,2018567,2060,9008,1
마이클,2026-05-13,2026-05-25,109376,1184590,901,2773,2
슈퍼 마리오 갤럭시,2026-04-29,2026-05-25,38095,1576901,585,1027,3
악마는 프라다를 입는다 2,2026-04-29,2026-05-25,16318,1558572,495,842,4
살목지,2026-04-08,2026-05-25,8147,3230634,384,514,5
신극장판 은혼: 요시와라 대염상,2026-05-20,2026-05-25,7308,50057,368,501,6
프로젝트 헤일메리,2026-03-18,2026-05-25,6880,2883506,176,209,7
극장판 호빵맨: 세균맨과 그림책의 루룬,2026-05-23,2026-05-25,6682,19146,221,350,8
너바나 더 밴드 : 전설적 밴드 ‘너바나’와는 별 관련 없는 ‘너바나 더 밴드’의 콤비 맷과 제이. 어느 날 공연을 위해 타임머신을 만드는 황당한 작전을 세우고 처음 만났던 17년 전으로 돌,2026-05-20,2026-05-25,5652,26204,153,201,9
왕과 사는 남자,2026-02-04,2026-05-25,2802,16883797,117,144,10
군체,2026-05-21,2026-05-26,150483,2169050,1858,7855,1
마이클,2026-05-13,2026-05-26,20593,1205183,809,2436,2
악마는 프라다를 입는다 2,2026-04-29,2026-05-26,5821,1564393,487,992,3
너바나 더 밴드 : 전설적 밴드 ‘너바나’와는 별 관련 없는 ‘너바나 더 밴드’의 콤비 맷과 제이. 어느 날 공연을 위해 타임머신을 만드는 황당한 작전을 세우고 처음 만났던 17년 전으로 돌,2026-05-20,2026-05-26,3192,29396,142,211,4
살목지,2026-04-08,2026-05-26,2196,3232830,331,464,5
프로젝트 헤일메리,2026-03-18,2026-05-26,2107,2885613,198,268,6
신극장판 은혼: 요시와라 대염상,2026-05-20,2026-05-26,2006,52063,335,471,7
슈퍼 마리오 갤럭시,2026-04-29,2026-05-26,1198,1578099,176,204,8
왕과 사는 남자,2026-02-04,2026-05-26,1181,16884978,134,152,9
남태령,2026-05-20,2026-05-26,706,4761,54,64,10
군체,2026-05-21,2026-05-27,209402,2378452,1813,6970,1
백룸,2026-05-27,2026-05-27,54104,54632,688,1609,2
마이클,2026-05-13,2026-05-27,34486,1239669,808,1878,3
만달로리안과 그로구,2026-05-27,2026-05-27,26242,27634,809,2103,4
악마는 프라다를 입는다 2,2026-04-29,2026-05-27,5334,1569727,304,452,5
너바나 더 밴드 : 전설적 밴드 ‘너바나’와는 별 관련 없는 ‘너바나 더 밴드’의 콤비 맷과 제이. 어느 날 공연을 위해 타임머신을 만드는 황당한 작전을 세우고 처음 만났던 17년 전으로 돌,2026-05-20,2026-05-27,3533,32929,149,178,6
신극장판 은혼: 요시와라 대염상,2026-05-20,2026-05-27,2935,54998,166,195,7
뒷자리에 태워줘,2026-05-27,2026-05-27,2045,3674,155,201,8
프로젝트 헤일메리,2026-03-18,2026-05-27,1398,2887011,106,126,9
미세스 그린 애플 매지컬 10주년 기념 라이브 ~피오르드~ 온 스크린,2026-05-27,2026-05-27,1279,1279,21,21,10
군체,2026-05-21,2026-05-28,125433,2503885,1773,6887,1
백룸,2026-05-27,2026-05-28,33233,87865,716,1691,2
마이클,2026-05-13,2026-05-28,18579,1258248,750,1805,3
만달로리안과 그로구,2026-05-27,2026-05-28,12037,39671,714,1720,4
상자 속의 양,2026-06-10,2026-05-28,5408,5408,32,32,5
카드캡터 체리 극장판,2026-05-28,2026-05-28,4456,4456,162,238,6
악마는 프라다를 입는다 2,2026-04-29,2026-05-28,3695,1573422,291,424,7
너바나 더 밴드 : 전설적 밴드 ‘너바나’와는 별 관련 없는 ‘너바나 더 밴드’의 콤비 맷과 제이. 어느 날 공연을 위해 타임머신을 만드는 황당한 작전을 세우고 처음 만났던 17년 전으로 돌,2026-05-20,2026-05-28,2275,35204,139,171,8
와일드 씽,2026-06-03,2026-05-28,1988,5077,10,10,9
뒷자리에 태워줘,2026-05-27,2026-05-28,1634,5308,142,191,10
군체,2026-05-21,2026-05-29,182226,2686111,1854,7389,1
백룸,2026-05-27,2026-05-29,57805,145670,773,1851,2
마이클,2026-05-13,2026-05-29,23414,1281662,771,1811,3
만달로리안과 그로구,2026-05-27,2026-05-29,15000,54671,699,1670,4
이상한 과자 가게 전천당,2026-05-29,2026-05-29,6683,8630,485,738,5
와일드 씽,2026-06-03,2026-05-29,6217,11294,33,33,6
악마는 프라다를 입는다 2,2026-04-29,2026-05-29,4255,1577677,265,390,7
너바나 더 밴드 : 전설적 밴드 ‘너바나’와는 별 관련 없는 ‘너바나 더 밴드’의 콤비 맷과 제이. 어느 날 공연을 위해 타임머신을 만드는 황당한 작전을 세우고 처음 만났던 17년 전으로 돌,2026-05-20,2026-05-29,2538,37742,138,166,8
뒷자리에 태워줘,2026-05-27,2026-05-29,1715,7023,140,187,9
신극장판 은혼: 요시와라 대염상,2026-05-20,2026-05-29,1626,58127,140,154,10
군체,2026-05-21,2026-05-30,423312,3109423,1991,8490,1
백룸,2026-05-27,2026-05-30,132438,278108,909,2234,2
마이클,2026-05-13,2026-05-30,58074,1339736,776,1790,3
만달로리안과 그로구,2026-05-27,2026-05-30,33808,88479,687,1445,4
이상한 과자 가게 전천당,2026-05-29,2026-05-30,24240,32870,516,866,5
슈퍼 마리오 갤럭시,2026-04-29,2026-05-30,12164,1593340,393,539,6
와일드 씽,2026-06-03,2026-05-30,4963,16257,52,60,7
악마는 프라다를 입는다 2,2026-04-29,2026-05-30,4223,1581900,163,198,8
너바나 더 밴드 : 전설적 밴드 ‘너바나’와는 별 관련 없는 ‘너바나 더 밴드’의 콤비 맷과 제이. 어느 날 공연을 위해 타임머신을 만드는 황당한 작전을 세우고 처음 만났던 17년 전으로 돌,2026-05-20,2026-05-30,4201,41943,132,153,9
극장판 호빵맨: 세균맨과 그림책의 루룬,2026-05-23,2026-05-30,4012,25460,166,216,10
군체,2026-05-21,2026-05-31,365457,3474880,1950,7981,1
백룸,2026-05-27,2026-05-31,112952,391060,1014,2423,2
마이클,2026-05-13,2026-05-31,55194,1394930,757,1686,3
만달로리안과 그로구,2026-05-27,2026-05-31,28240,116719,680,1326,4
이상한 과자 가게 전천당,2026-05-29,2026-05-31,27551,60421,515,830,5
슈퍼 마리오 갤럭시,2026-04-29,2026-05-31,12984,1606324,365,493,6
극장판 호빵맨: 세균맨과 그림책의 루룬,2026-05-23,2026-05-31,4876,30336,181,230,7
너바나 더 밴드 : 전설적 밴드 ‘너바나’와는 별 관련 없는 ‘너바나 더 밴드’의 콤비 맷과 제이. 어느 날 공연을 위해 타임머신을 만드는 황당한 작전을 세우고 처음 만났던 17년 전으로 돌,2026-05-20,2026-05-31,3730,45673,130,149,8
와일드 씽,2026-06-03,2026-05-31,3724,19981,50,57,9
악마는 프라다를 입는다 2,2026-04-29,2026-05-31,3502,1585402,148,181,10
군체,2026-05-21,2026-06-01,101981,3576861,1732,6914,1
백룸,2026-05-27,2026-06-01,28524,419584,762,2138,2
마이클,2026-05-13,2026-06-01,14792,1409722,660,1536,3
만달로리안과 그로구,2026-05-27,2026-06-01,8136,124855,598,1167,4
악마는 프라다를 입는다 2,2026-04-29,2026-06-01,2098,1587500,207,262,5
이상한 과자 가게 전천당,2026-05-29,2026-06-01,2039,62460,344,449,6
너바나 더 밴드 : 전설적 밴드 ‘너바나’와는 별 관련 없는 ‘너바나 더 밴드’의 콤비 맷과 제이. 어느 날 공연을 위해 타임머신을 만드는 황당한 작전을 세우고 처음 만났던 17년 전으로 돌,2026-05-20,2026-06-01,1473,47146,127,154,7
신극장판 은혼: 요시와라 대염상,2026-05-20,2026-06-01,950,66008,121,133,8
프로젝트 헤일메리,2026-03-18,2026-06-01,921,2894972,98,109,9
왕과 사는 남자,2026-02-04,2026-06-01,893,16889944,53,60,10
군체,2026-05-21,2026-06-02,135392,3712253,1811,7383,1
백룸,2026-05-27,2026-06-02,39064,458648,841,2349,2
마이클,2026-05-13,2026-06-02,21071,1430793,694,1653,3
만달로리안과 그로구,2026-05-27,2026-06-02,13749,138604,640,1266,4
상자 속의 양,2026-06-10,2026-06-02,5023,10431,28,28,5
이상한 과자 가게 전천당,2026-05-29,2026-06-02,3005,65465,354,478,6
악마는 프라다를 입는다 2,2026-04-29,2026-06-02,2797,1590297,226,281,7
너바나 더 밴드 : 전설적 밴드 ‘너바나’와는 별 관련 없는 ‘너바나 더 밴드’의 콤비 맷과 제이. 어느 날 공연을 위해 타임머신을 만드는 황당한 작전을 세우고 처음 만났던 17년 전으로 돌,2026-05-20,2026-06-02,2386,49532,133,159,8
프로젝트 헤일메리,2026-03-18,2026-06-02,1804,2896776,105,121,9
왕과 사는 남자,2026-02-04,2026-06-02,1191,16891135,58,69,10
군체,2026-05-21,2026-06-03,331477,4043730,1516,5783,1
와일드 씽,2026-06-03,2026-06-03,160748,182069,1350,5469,2
백룸,2026-05-27,2026-06-03,114096,572744,872,2302,3
마이클,2026-05-13,2026-06-03,37148,1467941,524,788,4
이상한 과자 가게 전천당,2026-05-29,2026-06-03,30346,95811,531,714,5
만달로리안과 그로구,2026-05-27,2026-06-03,17876,156480,308,437,6
플레이브 아시아 투어 [대쉬: 퀀텀 리프] 앙코르 인 시네마,2026-06-03,2026-06-03,11499,11571,62,112,7
슈퍼 마리오 갤럭시,2026-04-29,2026-06-03,11396,1618762,196,217,8
돌핀보이: 푸른 바다의 수호자,2026-06-03,2026-06-03,5419,5634,222,242,9
신극장판 은혼: 요시와라 대염상,2026-05-20,2026-06-03,3475,70387,60,68,10
군체,2026-05-21,2026-06-04,79915,4123645,1419,5284,1
와일드 씽,2026-06-03,2026-06-04,40463,222532,1252,4714,2
백룸,2026-05-27,2026-06-04,27071,599815,775,1991,3
마이클,2026-05-13,2026-06-04,8681,1476622,517,784,4
만달로리안과 그로구,2026-05-27,2026-06-04,4175,160655,284,363,5
노트북,2004-11-26,2026-06-04,3279,830924,77,142,6
플레이브 아시아 투어 [대쉬: 퀀텀 리프] 앙코르 인 시네마,2026-06-03,2026-06-04,3244,14815,62,110,7
이상한 과자 가게 전천당,2026-05-29,2026-06-04,1897,97708,267,301,8
너바나 더 밴드 : 전설적 밴드 ‘너바나’와는 별 관련 없는 ‘너바나 더 밴드’의 콤비 맷과 제이. 어느 날 공연을 위해 타임머신을 만드는 황당한 작전을 세우고 처음 만났던 17년 전으로 돌,2026-05-20,2026-06-04,1237,53803,81,90,9
뒷자리에 태워줘,2026-05-27,2026-06-04,1205,15323,70,70,10
군체,2026-05-21,2026-06-05,117729,4241374,1518,5810,1
와일드 씽,2026-06-03,2026-06-05,60413,282945,1211,4731,2
백룸,2026-05-27,2026-06-05,38942,638757,821,2294,3
마이클,2026-05-13,2026-06-05,11049,1487671,528,789,4
마스터즈 오브 유니버스,2026-06-05,2026-06-05,4615,4741,214,281,5
만달로리안과 그로구,2026-05-27,2026-06-05,4480,165135,297,385,6
노트북,2004-11-26,2026-06-05,3156,834080,86,145,7
플레이브 아시아 투어 [대쉬: 퀀텀 리프] 앙코르 인 시네마,2026-06-03,2026-06-05,2337,17152,62,108,8
이상한 과자 가게 전천당,2026-05-29,2026-06-05,1696,99404,273,307,9
너바나 더 밴드 : 전설적 밴드 ‘너바나’와는 별 관련 없는 ‘너바나 더 밴드’의 콤비 맷과 제이. 어느 날 공연을 위해 타임머신을 만드는 황당한 작전을 세우고 처음 만났던 17년 전으로 돌,2026-05-20,2026-06-05,1450,55253,80,88,10
군체,2026-05-21,2026-06-06,281916,4523290,1614,6470,1
와일드 씽,2026-06-03,2026-06-06,149037,431982,1164,4565,2
백룸,2026-05-27,2026-06-06,93070,731827,908,2680,3
마이클,2026-05-13,2026-06-06,28968,1516639,550,848,4
이상한 과자 가게 전천당,2026-05-29,2026-06-06,19011,118415,537,809,5
만달로리안과 그로구,2026-05-27,2026-06-06,14858,179993,311,456,6
슈퍼 마리오 갤럭시,2026-04-29,2026-06-06,5551,1624967,189,212,7
플레이브 아시아 투어 [대쉬: 퀀텀 리프] 앙코르 인 시네마,2026-06-03,2026-06-06,3400,20552,62,108,8
돌핀보이: 푸른 바다의 수호자,2026-06-03,2026-06-06,3273,10502,215,226,9
마스터즈 오브 유니버스,2026-06-05,2026-06-06,3170,7911,210,248,10
군체,2026-05-21,2026-06-07,204209,4727499,1598,6170,1
와일드 씽,2026-06-03,2026-06-07,111730,543712,1161,4304,2
백룸,2026-05-27,2026-06-07,67803,799630,884,2500,3
마이클,2026-05-13,2026-06-07,23504,1540143,554,834,4
이상한 과자 가게 전천당,2026-05-29,2026-06-07,18402,136817,521,790,5
만달로리안과 그로구,2026-05-27,2026-06-07,11841,191834,308,448,6
슈퍼 마리오 갤럭시,2026-04-29,2026-06-07,5568,1630535,180,200,7
돌핀보이: 푸른 바다의 수호자,2026-06-03,2026-06-07,3115,13617,211,223,8
노트북,2004-11-26,2026-06-07,3037,839431,72,83,9
마스터즈 오브 유니버스,2026-06-05,2026-06-07,2412,10323,195,232,10
군체,2026-05-21,2026-06-08,52036,4779535,1386,5260,1
와일드 씽,2026-06-03,2026-06-08,31702,575414,1026,3774,2
백룸,2026-05-27,2026-06-08,17838,817468,720,2087,3
마이클,2026-05-13,2026-06-08,6224,1546367,492,770,4
만달로리안과 그로구,2026-05-27,2026-06-08,1956,193790,232,302,5
마스터즈 오브 유니버스,2026-06-05,2026-06-08,1304,11627,185,210,6
노트북,2004-11-26,2026-06-08,1170,840601,76,118,7
신사: 악귀의 속삭임,2026-06-17,2026-06-08,1114,1114,4,5,8
너바나 더 밴드 : 전설적 밴드 ‘너바나’와는 별 관련 없는 ‘너바나 더 밴드’의 콤비 맷과 제이. 어느 날 공연을 위해 타임머신을 만드는 황당한 작전을 세우고 처음 만났던 17년 전으로 돌,2026-05-20,2026-06-08,1023,61705,70,84,9
이상한 과자 가게 전천당,2026-05-29,2026-06-08,813,137630,206,234,10
군체,2026-05-21,2026-06-09,44399,4823934,1412,5188,1
와일드 씽,2026-06-03,2026-06-09,30279,605693,1050,3729,2
백룸,2026-05-27,2026-06-09,16155,833623,739,2049,3
마이클,2026-05-13,2026-06-09,6737,1553104,516,798,4
만달로리안과 그로구,2026-05-27,2026-06-09,2372,196162,263,334,5
마스터즈 오브 유니버스,2026-06-05,2026-06-09,1341,12968,196,221,6
노트북,2004-11-26,2026-06-09,1319,841920,76,120,7
맘보 점보,2026-06-03,2026-06-09,1166,6123,34,34,8
이상한 과자 가게 전천당,2026-05-29,2026-06-09,1107,138737,217,237,9
너바나 더 밴드 : 전설적 밴드 ‘너바나’와는 별 관련 없는 ‘너바나 더 밴드’의 콤비 맷과 제이. 어느 날 공연을 위해 타임머신을 만드는 황당한 작전을 세우고 처음 만났던 17년 전으로 돌,2026-05-20,2026-06-09,865,62570,75,89,10
디스클로저 데이,2026-06-10,2026-06-10,56079,56926,1072,2961,1
군체,2026-05-21,2026-06-10,47227,4871161,1227,4223,2
와일드 씽,2026-06-03,2026-06-10,32253,637946,910,2754,3
백룸,2026-05-27,2026-06-10,17742,851365,732,1668,4
상자 속의 양,2026-06-10,2026-06-10,8751,20229,456,745,5
마이클,2026-05-13,2026-06-10,4336,1557440,363,471,6
플레이브 아시아 투어 [대쉬: 퀀텀 리프] 앙코르 인 시네마,2026-06-03,2026-06-10,3932,28218,64,123,7
싱 스트리트,2016-05-19,2026-06-10,3089,578687,137,162,8
쏜애플 '나의 세기' 익스텐디드 플레이 필름, ,2026-06-10,2000,2000,29,60,9
만달로리안과 그로구,2026-05-27,2026-06-10,1798,197960,123,154,10
